pdb_id,cluster_v2_id,Within_PDB_rank,OIPS-P_static,mappability,center_available,residue_set_available,cluster_diameter_A,spatial_continuity,tool_support_count,center_dispersion_A,core_envelope_ratio,contributing_chain_count,dominant_chain_fraction,pocket_interface_overlap,distance_to_interface_A,possible_over_merging,clear_exclusion_flag,possible_split_subpocket,possible_surface_noise_cluster,nearest_missing_residue_distance_sequence_positions,missing_residue_proximity_flag,missing_residue_assessment_source,possible_crystal_contact_risk,boundary_sensitive,QC_status,QC_rule_version
1A9M,1A9M_V2C001,1,95.2599664691753,center_and_residue_mappable,true,true,1.55235055613536,true,5,0.860404188333908,0.596491228070175,2,0.508771929824561,0.684210526315789,4.50266143075353,false,false,false,false,,false,no_gap_detected,not_evaluable_no_generated_crystal_mates,false,QC_pass,automated_QC_v2_20260711
1A9M,1A9M_V2C003,2,53.9049796560114,center_and_residue_mappable,true,true,6.96595381514172,true,3,2.3252104782641,0.5,1,1,0,14.9645493416942,false,false,false,false,,false,no_gap_detected,not_evaluable_no_generated_crystal_mates,false,QC_pass,automated_QC_v2_20260711
1A9M,1A9M_V2C002,3,51.8976241613371,center_and_residue_mappable,true,true,1.35945968241035,true,3,0.837422758248834,0.642857142857143,1,1,0,14.9625239181095,false,false,false,false,,false,no_gap_detected,not_evaluable_no_generated_crystal_mates,false,QC_pass,automated_QC_v2_20260711
1FAP,1FAP_V2C002,1,87.4892629660441,center_and_residue_mappable,true,true,9.70967956900287,true,5,4.50877649507336,0.154761904761905,2,0.571428571428571,0.226190476190476,4.10033108419308,false,false,true,false,,false,no_gap_detected,not_evaluable_no_generated_crystal_mates,true,QC_possible_split,automated_QC_v2_20260711
1FAP,1FAP_V2C003,2,76.1371384139736,center_and_residue_mappable,true,true,5.00513093670682,true,4,2.41917743679343,0.340909090909091,2,0.545454545454545,0.340909090909091,5.16576635166555,false,false,false,false,,false,no_gap_detected,not_evaluable_no_generated_crystal_mates,false,QC_pass,automated_QC_v2_20260711
1FAP,1FAP_V2C006,3,72.5728765178612,center_and_residue_mappable,true,true,9.24045074658157,true,3,0.733759813133358,1,2,0.555555555555556,0.777777777777778,4.60021075604151,false,false,false,false,,false,no_gap_detected,not_evaluable_no_generated_crystal_mates,true,QC_boundary_sensitive,automated_QC_v2_20260711
1HIH,1HIH_V2C004,1,84.8472296846011,center_and_residue_mappable,true,true,2.74680939892911,true,3,1.53804846292882,0.633333333333333,2,0.5,0.633333333333333,3.93969199092561,false,false,false,false,,false,no_gap_detected,not_evaluable_no_generated_crystal_mates,false,QC_pass,automated_QC_v2_20260711
1HIH,1HIH_V2C006,2,77.1855721015267,center_and_residue_mappable,true,true,8.64973409995937,true,2,0.911394535862488,0.19047619047619,2,0.523809523809524,0.761904761904762,4.29149181520832,false,false,true,false,,false,no_gap_detected,not_evaluable_no_generated_crystal_mates,true,QC_possible_split,automated_QC_v2_20260711
1HIH,1HIH_V2C003,3,63.7366721846011,center_and_residue_mappable,true,true,2.98123450964452,true,3,1.27267332879196,0.5,2,0.5,0.928571428571429,3.51235166639034,false,false,false,false,,false,no_gap_detected,not_evaluable_no_generated_crystal_mates,false,QC_pass,automated_QC_v2_20260711
1HSG,1HSG_V2C001,1,95.2437251695442,center_and_residue_mappable,true,true,2.41735293537817,true,5,1.15033067867435,0.578947368421053,2,0.508771929824561,0.701754385964912,4.42926280547903,false,false,false,false,,false,no_gap_detected,not_evaluable_no_generated_crystal_mates,false,QC_pass,automated_QC_v2_20260711
1HSG,1HSG_V2C005,2,66.8353796932017,center_and_residue_mappable,true,true,7.03452252701287,true,2,1.19568404239667,0.875,2,0.625,1,2.80529780630289,false,false,false,false,,false,no_gap_detected,not_evaluable_no_generated_crystal_mates,false,QC_pass,automated_QC_v2_20260711
1HSG,1HSG_V2C010,3,59.6270748252708,center_and_residue_mappable,true,true,0,true,1,0,1,2,0.842105263157895,0.789473684210526,3.53610364667101,false,false,false,false,,false,no_gap_detected,not_evaluable_no_generated_crystal_mates,false,QC_pass,automated_QC_v2_20260711
1SHL,1SHL_V2C002,1,72.846527275,center_and_residue_mappable,true,true,11.4750190467747,true,5,3.08918716048877,0.333333333333333,1,1,0,,false,false,false,false,2,true,observed_numbering_gap_proxy,not_evaluable_no_generated_crystal_mates,true,QC_boundary_sensitive,automated_QC_v2_20260711
1SHL,1SHL_V2C005,2,69.578251838961,center_and_residue_mappable,true,true,5.95616454942966,true,5,3.1669569763937,0.323529411764706,1,1,0,,false,false,false,false,8,false,observed_numbering_gap_proxy,not_evaluable_no_generated_crystal_mates,false,QC_pass,automated_QC_v2_20260711
1SHL,1SHL_V2C001,3,68.7126887480519,center_and_residue_mappable,true,true,2.2338687949065,true,5,1.21875879492378,0.4,1,1,0,,false,false,false,false,1,true,observed_numbering_gap_proxy,not_evaluable_no_generated_crystal_mates,false,QC_pass,automated_QC_v2_20260711
1TCO,1TCO_V2C004,1,91.000357184651,center_and_residue_mappable,true,true,9.29520844306355,true,5,2.77081323410456,0.372881355932203,2,0.711864406779661,0.389830508474576,1.58554502064149,false,false,false,false,,false,no_gap_detected,not_evaluable_no_generated_crystal_mates,true,QC_boundary_sensitive,automated_QC_v2_20260711
1TCO,1TCO_V2C003,2,88.646337712237,center_and_residue_mappable,true,true,5.61471056049808,true,5,2.88988148947705,0.297872340425532,3,0.48936170212766,0.595744680851064,3.22787871519362,false,false,false,false,,false,no_gap_detected,not_evaluable_no_generated_crystal_mates,false,QC_pass,automated_QC_v2_20260711
1TCO,1TCO_V2C006,3,84.2808776085399,center_and_residue_mappable,true,true,3.83371423046841,true,4,1.81994820152223,0.612903225806452,3,0.741935483870968,0.580645161290323,3.80257886177262,false,false,false,false,,false,no_gap_detected,not_evaluable_no_generated_crystal_mates,false,QC_pass,automated_QC_v2_20260711
3DJI,3DJI_V2C004,1,89.5891371055101,center_and_residue_mappable,true,true,5.85015936562194,true,4,0.968164449251068,0.220588235294118,3,0.352941176470588,0.735294117647059,3.93677698123732,false,false,false,false,,false,no_gap_detected,not_evaluable_no_generated_crystal_mates,false,QC_pass,automated_QC_v2_20260711
3DJI,3DJI_V2C002,2,88.2695868741827,center_and_residue_mappable,true,true,4.83587171437035,true,5,1.98675129301844,0.419354838709677,2,0.870967741935484,0.645161290322581,2.94745950700966,false,false,false,false,,false,no_gap_detected,not_evaluable_no_generated_crystal_mates,false,QC_pass,automated_QC_v2_20260711
3DJI,3DJI_V2C001,3,87.9937137285329,center_and_residue_mappable,true,true,5.17631041808844,true,5,2.47833419983834,0.413793103448276,2,0.758620689655172,0.689655172413793,3.24500358511817,false,false,false,false,,false,no_gap_detected,not_evaluable_no_generated_crystal_mates,false,QC_pass,automated_QC_v2_20260711
4W9H,4W9H_V2C003,1,87.5513462912013,center_and_residue_mappable,true,true,5.7250055221268,true,5,1.54454905856036,0.4375,2,0.895833333333333,0.395833333333333,7.39114195655695,false,false,false,false,19,false,observed_numbering_gap_proxy,not_evaluable_no_generated_crystal_mates,false,QC_pass,automated_QC_v2_20260711
4W9H,4W9H_V2C005,2,85.9671233781166,center_and_residue_mappable,true,true,11.3871276206978,true,5,2.11347894107302,0.451612903225806,3,0.774193548387097,0.516129032258065,4.9312133395342,false,false,false,false,3,false,observed_numbering_gap_proxy,not_evaluable_no_generated_crystal_mates,true,QC_boundary_sensitive,automated_QC_v2_20260711
4W9H,4W9H_V2C002,3,83.2353116292016,center_and_residue_mappable,true,true,11.27699947287,true,5,2.14489935682136,0.37037037037037,3,0.518518518518518,0.555555555555556,4.79276632019547,false,false,false,false,2,true,observed_numbering_gap_proxy,not_evaluable_no_generated_crystal_mates,true,QC_boundary_sensitive,automated_QC_v2_20260711
5J89,5J89_V2C003,1,83.5706157838523,center_and_residue_mappable,true,true,11.0839027422655,true,4,3.2452894134064,0.538461538461538,2,0.538461538461538,0.369230769230769,2.612241030137,false,false,false,false,,false,no_gap_detected,not_evaluable_no_generated_crystal_mates,true,QC_boundary_sensitive,automated_QC_v2_20260711
5J89,5J89_V2C001,2,78.226132319216,center_and_residue_mappable,true,true,8.70837149136315,true,4,2.46360193790318,0.476190476190476,2,0.595238095238095,0.30952380952381,3.18687072219757,false,false,false,false,,false,no_gap_detected,not_evaluable_no_generated_crystal_mates,false,QC_pass,automated_QC_v2_20260711
5J89,5J89_V2C002,3,71.9511929958758,center_and_residue_mappable,true,true,10.9761452301606,true,4,3.21746330203618,0.404761904761905,2,0.523809523809524,0.285714285714286,4.01905673012959,false,false,false,false,,false,no_gap_detected,not_evaluable_no_generated_crystal_mates,true,QC_boundary_sensitive,automated_QC_v2_20260711
5LGE,5LGE_V2C006,1,81.7611620161929,center_and_residue_mappable,true,true,11.1735299709176,true,4,5.58428704044744,0.621621621621622,2,0.77027027027027,0.243243243243243,5.15340178910979,false,false,true,false,1,true,observed_numbering_gap_proxy,not_evaluable_no_generated_crystal_mates,true,QC_possible_split,automated_QC_v2_20260711
5LGE,5LGE_V2C017,2,80.7850887734048,center_and_residue_mappable,true,true,9.66833500182465,true,3,3.52673097315005,0.465753424657534,2,0.547945205479452,0.506849315068493,4.15982208590218,false,false,false,false,1,true,observed_numbering_gap_proxy,not_evaluable_no_generated_crystal_mates,true,QC_boundary_sensitive,automated_QC_v2_20260711
5LGE,5LGE_V2C002,3,80.1110097339891,center_and_residue_mappable,true,true,11.1803040432718,true,5,2.60307956814451,0.41025641025641,2,0.871794871794872,0.307692307692308,6.07880999867572,false,false,false,false,22,false,observed_numbering_gap_proxy,not_evaluable_no_generated_crystal_mates,true,QC_boundary_sensitive,automated_QC_v2_20260711
5NIU,5NIU_V2C002,1,79.8186646655636,center_and_residue_mappable,true,true,10.0936191167002,true,4,4.76866960956803,0.714285714285714,2,0.553571428571429,0.339285714285714,2.18465489265466,false,false,true,false,,false,no_gap_detected,not_evaluable_no_generated_crystal_mates,true,QC_possible_split,automated_QC_v2_20260711
5NIU,5NIU_V2C001,2,70.8244807574098,center_and_residue_mappable,true,true,11.3091303860439,true,4,5.06187529703494,0.404761904761905,2,0.547619047619048,0.238095238095238,4.10803821793322,false,false,true,false,,false,no_gap_detected,not_evaluable_no_generated_crystal_mates,true,QC_possible_split,automated_QC_v2_20260711
5NIU,5NIU_V2C003,3,62.7942662608809,center_and_residue_mappable,true,true,8.83272630335849,true,3,4.83823328878221,0.826086956521739,1,1,0,12.8265995883554,false,false,true,false,,false,no_gap_detected,not_evaluable_no_generated_crystal_mates,true,QC_possible_split,automated_QC_v2_20260711
5TBM,5TBM_V2C001,1,84.1018364942597,center_and_residue_mappable,true,true,9.1933654882203,true,5,4.08118505152953,0.486486486486487,2,0.567567567567568,0.405405405405405,3.21673281451848,false,false,true,false,14,false,observed_numbering_gap_proxy,not_evaluable_no_crystal_symmetry_model,true,QC_possible_split,automated_QC_v2_20260711
5TBM,5TBM_V2C002,2,82.134177498143,center_and_residue_mappable,true,true,4.46849056303626,true,5,0.63435952901628,0.520833333333333,1,1,0.104166666666667,7.70173606158172,false,false,false,false,4,false,observed_numbering_gap_proxy,not_evaluable_no_crystal_symmetry_model,false,QC_pass,automated_QC_v2_20260711
5TBM,5TBM_V2C003,3,81.9843579203118,center_and_residue_mappable,true,true,8.33621165518247,true,4,3.48778068511166,0.583333333333333,2,0.520833333333333,0.3125,2.44579457081837,false,false,false,false,4,false,observed_numbering_gap_proxy,not_evaluable_no_crystal_symmetry_model,false,QC_pass,automated_QC_v2_20260711
6E3S,6E3S_V2C003,1,83.3149987705339,center_and_residue_mappable,true,true,8.7647195422608,true,4,2.26588419704133,0.555555555555556,2,0.796296296296296,0.462962962962963,3.48129085254306,false,false,false,false,1,true,observed_numbering_gap_proxy,not_evaluable_no_generated_crystal_mates,false,QC_pass,automated_QC_v2_20260711
6E3S,6E3S_V2C005,2,81.7280309227967,center_and_residue_mappable,true,true,9.79554856587522,true,4,2.59100820956872,0.614035087719298,2,0.710526315789474,0.37719298245614,2.36671481171686,false,false,false,false,1,true,observed_numbering_gap_proxy,not_evaluable_no_generated_crystal_mates,true,QC_boundary_sensitive,automated_QC_v2_20260711
6E3S,6E3S_V2C006,3,80.4015806697618,center_and_residue_mappable,true,true,4.49478661798586,true,4,1.02981751931892,0.686274509803922,2,0.980392156862745,0.274509803921569,7.19433700906484,false,false,false,false,26,false,observed_numbering_gap_proxy,not_evaluable_no_generated_crystal_mates,false,QC_pass,automated_QC_v2_20260711
6R3K,6R3K_V2C002,1,81.0976991415003,center_and_residue_mappable,true,true,9.55587253537423,true,5,2.79353727705358,0.423076923076923,2,0.538461538461538,0.461538461538462,3.54708739672425,false,false,false,false,,false,no_gap_detected,not_evaluable_no_generated_crystal_mates,true,QC_boundary_sensitive,automated_QC_v2_20260711
6R3K,6R3K_V2C005,2,78.7278145688077,center_and_residue_mappable,true,true,11.0595301914152,true,4,4.1340818704322,0.469135802469136,2,0.506172839506173,0.296296296296296,2.90866980942367,false,false,true,false,,false,no_gap_detected,not_evaluable_no_generated_crystal_mates,true,QC_possible_split,automated_QC_v2_20260711
6R3K,6R3K_V2C010,3,73.7814149884621,center_and_residue_mappable,true,true,11.9143023295533,true,2,3.11734783108976,0.153846153846154,2,0.5,0.384615384615385,3.27182533152367,true,false,false,false,,false,no_gap_detected,not_evaluable_no_generated_crystal_mates,true,QC_possible_overmerge,automated_QC_v2_20260711
6WKQ,6WKQ_V2C002,1,77.7217227303943,center_and_residue_mappable,true,true,6.74170920464536,true,3,3.77164522014819,0.611111111111111,2,0.527777777777778,0.388888888888889,1.47996013459823,false,false,false,false,,false,no_gap_detected,not_evaluable_no_generated_crystal_mates,false,QC_pass,automated_QC_v2_20260711
6WKQ,6WKQ_V2C010,2,67.514331922686,center_and_residue_mappable,true,true,0.963016095400286,true,2,0.680955211449333,0.56,2,0.56,0.48,4.29852777122586,false,false,false,false,,false,no_gap_detected,not_evaluable_no_generated_crystal_mates,false,QC_pass,automated_QC_v2_20260711
6WKQ,6WKQ_V2C001,3,66.140780259596,center_and_residue_mappable,true,true,2.1148624068719,true,3,1.09018087184344,0.463414634146341,1,1,0.0731707317073171,8.38547828093305,false,false,false,false,,false,no_gap_detected,not_evaluable_no_generated_crystal_mates,false,QC_pass,automated_QC_v2_20260711
7BEA,7BEA_V2C003,1,79.481456980226,center_and_residue_mappable,true,true,2.04833241539009,true,3,1.63659720436227,0.436363636363636,2,0.618181818181818,0.381818181818182,2.48688444098192,false,false,false,false,,false,no_gap_detected,not_evaluable_no_generated_crystal_mates,false,QC_pass,automated_QC_v2_20260711
7BEA,7BEA_V2C001,2,71.7754579902516,center_and_residue_mappable,true,true,4.10603433126787,true,3,3.12894857177267,0.290322580645161,2,0.516129032258065,0.419354838709677,2.62653508282581,false,false,false,false,,false,no_gap_detected,not_evaluable_no_generated_crystal_mates,false,QC_pass,automated_QC_v2_20260711
7BEA,7BEA_V2C002,3,69.2628441847729,center_and_residue_mappable,true,true,6.97695843743031,true,3,3.58776772763306,0.434782608695652,2,0.608695652173913,0.608695652173913,3.90752274465549,false,false,false,false,,false,no_gap_detected,not_evaluable_no_generated_crystal_mates,false,QC_pass,automated_QC_v2_20260711
7JRA,7JRA_V2C006,1,83.5115892515703,center_and_residue_mappable,true,true,6.18175707478509,true,3,3.94966135812745,0.503355704697987,3,0.369127516778524,0.449664429530201,3.39924388651359,false,false,true,false,1,true,observed_numbering_gap_proxy,not_evaluable_no_generated_crystal_mates,true,QC_possible_split,automated_QC_v2_20260711
7JRA,7JRA_V2C007,2,78.1056297905176,center_and_residue_mappable,true,true,2.25185567921215,true,2,1.59230242102435,0.116883116883117,3,0.376623376623377,0.506493506493506,2.77759428282822,false,false,true,false,8,false,observed_numbering_gap_proxy,not_evaluable_no_generated_crystal_mates,true,QC_possible_split,automated_QC_v2_20260711
7JRA,7JRA_V2C004,3,77.1271612105512,center_and_residue_mappable,true,true,2.7510682258481,true,3,1.60755822945557,0.678571428571429,2,0.821428571428571,0.464285714285714,3.78434829263904,false,false,false,false,11,false,observed_numbering_gap_proxy,not_evaluable_no_generated_crystal_mates,false,QC_pass,automated_QC_v2_20260711
7O2I,7O2I_V2C001,1,77.2853625161903,center_and_residue_mappable,true,true,5.89124130040396,true,3,3.68810098813055,0.661971830985915,2,0.929577464788732,0.267605633802817,8.41512578634449,false,false,false,false,1,true,observed_numbering_gap_proxy,not_evaluable_no_generated_crystal_mates,false,QC_pass,automated_QC_v2_20260711
7O2I,7O2I_V2C003,2,76.6344073886419,center_and_residue_mappable,true,true,8.79287163756815,true,3,2.79352404004118,0.58,2,0.88,0.42,5.15202649449709,false,false,false,false,1,true,observed_numbering_gap_proxy,not_evaluable_no_generated_crystal_mates,false,QC_pass,automated_QC_v2_20260711
7O2I,7O2I_V2C005,3,74.226195198493,center_and_residue_mappable,true,true,1.14299044192795,true,2,0.808216292318664,0.583333333333333,2,0.777777777777778,0.5,4.41175642375203,false,false,false,false,1,true,observed_numbering_gap_proxy,not_evaluable_no_generated_crystal_mates,false,QC_pass,automated_QC_v2_20260711
8EA7,8EA7_V2C003,1,79.7850841663059,center_and_residue_mappable,true,true,3.36982031487647,true,3,2.36772570464519,0.6,2,0.52,0.28,4.8308139065793,false,false,false,false,7,false,observed_numbering_gap_proxy,not_evaluable_no_generated_crystal_mates,false,QC_pass,automated_QC_v2_20260711
8EA7,8EA7_V2C007,2,69.8114549897814,center_and_residue_mappable,true,true,1.94807084060103,true,2,1.37749410162077,0.36,2,0.56,0.36,4.58427027999004,false,false,false,false,10,false,observed_numbering_gap_proxy,not_evaluable_no_generated_crystal_mates,false,QC_pass,automated_QC_v2_20260711
8EA7,8EA7_V2C002,3,69.2525770929076,center_and_residue_mappable,true,true,5.88078548757653,true,3,2.82772661609029,0.482758620689655,2,0.620689655172414,0.620689655172414,2.88157838692617,false,false,false,false,16,false,observed_numbering_gap_proxy,not_evaluable_no_generated_crystal_mates,false,QC_pass,automated_QC_v2_20260711
8P1O,8P1O_V2C001,1,73.6961754349571,center_and_residue_mappable,true,true,8.95395387524416,true,3,4.26099578808179,0.58,2,0.52,0.32,3.02505533246881,false,false,true,false,,false,no_gap_detected,not_evaluable_no_generated_crystal_mates,true,QC_possible_split,automated_QC_v2_20260711
8P1O,8P1O_V2C003,2,67.5430308797501,center_and_residue_mappable,true,true,2.61411007446622,true,2,1.84845496042313,0.41304347826087,2,0.543478260869565,0.260869565217391,4.89091604096798,false,false,false,false,,false,no_gap_detected,not_evaluable_no_generated_crystal_mates,false,QC_pass,automated_QC_v2_20260711
8P1O,8P1O_V2C012,3,49.0345604653888,center_and_residue_mappable,true,true,0,true,1,0,1,2,0.75,1,2.98568462046144,false,false,false,false,,false,no_gap_detected,not_evaluable_no_generated_crystal_mates,false,QC_insufficient_evidence,automated_QC_v2_20260711
8SE5,8SE5_V2C003,1,80.0739962623119,center_and_residue_mappable,true,true,10.7004672795163,true,3,1.96602017619784,0.509803921568627,2,0.529411764705882,0.294117647058824,3.82451894793217,false,false,false,false,7,false,observed_numbering_gap_proxy,not_evaluable_no_generated_crystal_mates,true,QC_boundary_sensitive,automated_QC_v2_20260711
8SE5,8SE5_V2C002,2,68.22152043397,center_and_residue_mappable,true,true,5.6206262144087,true,3,2.93492251887688,0.303030303030303,2,0.575757575757576,0.363636363636364,3.46023958708064,false,false,false,false,7,false,observed_numbering_gap_proxy,not_evaluable_no_generated_crystal_mates,false,QC_pass,automated_QC_v2_20260711
8SE5,8SE5_V2C007,3,62.9187607443198,center_and_residue_mappable,true,true,3.45345590858578,true,2,2.44196209148976,0.642857142857143,2,0.571428571428571,0.928571428571429,3.19016162102209,false,false,false,false,52,false,observed_numbering_gap_proxy,not_evaluable_no_generated_crystal_mates,false,QC_pass,automated_QC_v2_20260711
