pdb_id,MD_run,Simulation_context,static_top_cluster_v2_id,static_top_rank,persistent_MD_contact_residue_count,best_MD_mapped_cluster_v2_id,best_MD_cluster_Jaccard,best_MD_cluster_precision,best_MD_cluster_recall,best_MD_cluster_center_distance_A,static_top_MD_overlap_count,static_top_MD_cluster_coverage,static_top_MD_contact_coverage,static_top_MD_Jaccard,static_top_MD_center_distance_A,D_dyn_run_score,Concordance_call,MD_mapping_rule_version,source_persistent_contacts
1A9M,1A9M,native,1A9M_V2C001,1,11,1A9M_V2C001,0.192982456140351,0.192982456140351,1,3.44483663529441,11,0.192982456140351,1,0.192982456140351,3.44483663529441,77.3846506302521,concordant,cluster_v2_posthoc_MD_mapping_20260711,previously_chain_reconciled_MD_contact_region
1FAP,1FAP,native,1FAP_V2C002,1,16,1FAP_V2C003,0.363636363636364,0.363636363636364,1,4.09653133760746,16,0.19047619047619,1,0.19047619047619,5.21382556286648,97.0728410714286,concordant,cluster_v2_posthoc_MD_mapping_20260711,previously_chain_reconciled_MD_contact_region
1HIH,1HIH,native,1HIH_V2C004,1,14,1HIH_V2C006,0.333333333333333,0.333333333333333,1,2.92146555687381,14,0.233333333333333,1,0.233333333333333,2.02278256957813,75.2077941176471,concordant,cluster_v2_posthoc_MD_mapping_20260711,previously_chain_reconciled_MD_contact_region
1HSG,1HSG,native,1HSG_V2C001,1,16,1HSG_V2C001,0.280701754385965,0.280701754385965,1,2.05684564321196,16,0.280701754385965,1,0.280701754385965,2.05684564321196,86.2746294117647,concordant,cluster_v2_posthoc_MD_mapping_20260711,previously_chain_reconciled_MD_contact_region
1SHL,,not_available,1SHL_V2C002,1,0,,,,,,,,,,,,MD_not_available,cluster_v2_posthoc_MD_mapping_20260711,not_available
1TCO,1TCO,native,1TCO_V2C004,1,14,1TCO_V2C018,0.357142857142857,0.416666666666667,0.714285714285714,4.16790906810598,0,0,0,0,26.8139092944099,88.4776608479756,static_dynamic_conflict,cluster_v2_posthoc_MD_mapping_20260711,previously_chain_reconciled_MD_contact_region
3DJI,3DJI,native,3DJI_V2C004,1,7,3DJI_V2C002,0.225806451612903,0.225806451612903,1,3.78418085340834,1,0.0147058823529412,0.142857142857143,0.0135135135135135,21.1098690190157,71.4308545454546,static_dynamic_conflict,cluster_v2_posthoc_MD_mapping_20260711,previously_chain_reconciled_MD_contact_region
4W9H,4W9H,native,4W9H_V2C003,1,11,4W9H_V2C001,0.5,0.5,1,1.65188223072196,1,0.0208333333333333,0.0909090909090909,0.0172413793103448,21.5871391399263,81.7702476922587,static_dynamic_conflict,cluster_v2_posthoc_MD_mapping_20260711,previously_chain_reconciled_MD_contact_region
5J89,5j89-nolig,apo,5J89_V2C003,1,0,,,,,,,,,,,22.3187074829932,apo_only_context,cluster_v2_posthoc_MD_mapping_20260711,previously_chain_reconciled_MD_contact_region
5J89,5j89-lig,native,5J89_V2C003,1,10,5J89_V2C001,0.181818181818182,0.19047619047619,0.8,7.5559927210129,10,0.153846153846154,1,0.153846153846154,5.8445590637388,73.2653741594074,concordant,cluster_v2_posthoc_MD_mapping_20260711,previously_chain_reconciled_MD_contact_region
5J89,5J89-redock,redock,5J89_V2C003,1,10,5J89_V2C021,0.25,0.4,0.4,7.47988836815096,10,0.153846153846154,1,0.153846153846154,2.87779584048819,73.4031718891403,concordant,cluster_v2_posthoc_MD_mapping_20260711,previously_chain_reconciled_MD_contact_region
5LGE,5LGE_lig,native,5LGE_V2C006,1,14,5LGE_V2C016,0.166666666666667,0.285714285714286,0.285714285714286,8.17816183503359,4,0.027027027027027,0.285714285714286,0.0253164556962025,19.391401470755,82.7781321651388,static_dynamic_conflict,cluster_v2_posthoc_MD_mapping_20260711,previously_chain_reconciled_MD_contact_region
5LGE,5LGE_redock,redock,5LGE_V2C006,1,11,5LGE_V2C016,0.19047619047619,0.285714285714286,0.363636363636364,7.32949363871748,3,0.0202702702702703,0.272727272727273,0.0192307692307692,18.5142641495686,88.3520433564166,static_dynamic_conflict,cluster_v2_posthoc_MD_mapping_20260711,previously_chain_reconciled_MD_contact_region
5NIU,5NIU,native,5NIU_V2C002,1,14,5NIU_V2C007,0.375,0.75,0.428571428571429,6.79186874137008,12,0.214285714285714,0.857142857142857,0.206896551724138,6.40773914887303,78.4938832973273,concordant,cluster_v2_posthoc_MD_mapping_20260711,previously_chain_reconciled_MD_contact_region
5TBM,5TBM-nolig,apo,5TBM_V2C001,1,0,,,,,,,,,,,0,apo_only_context,cluster_v2_posthoc_MD_mapping_20260711,previously_chain_reconciled_MD_contact_region
5TBM,5TBM-lig,native,5TBM_V2C001,1,4,5TBM_V2C023,0.125,0.2,0.25,8.30219284285784,1,0.027027027027027,0.25,0.025,11.9568443161229,68.0830458273752,static_dynamic_conflict,cluster_v2_posthoc_MD_mapping_20260711,previously_chain_reconciled_MD_contact_region
5TBM,5TBM-redock,redock,5TBM_V2C001,1,5,5TBM_V2C020,0.181818181818182,0.25,0.4,7.66681870910896,1,0.027027027027027,0.2,0.024390243902439,12.8061623447464,29.4,static_dynamic_conflict,cluster_v2_posthoc_MD_mapping_20260711,previously_chain_reconciled_MD_contact_region
6E3S,6E3S,native,6E3S_V2C003,1,5,6E3S_V2C063,0.2,0.285714285714286,0.4,6.67262796173276,0,0,0,0,40.4228170220731,81.604147852659,static_dynamic_conflict,cluster_v2_posthoc_MD_mapping_20260711,previously_chain_reconciled_MD_contact_region
6R3K,6R3K,native,6R3K_V2C002,1,12,6R3K_V2C008,0.25,0.5,0.333333333333333,8.17333946438052,2,0.0769230769230769,0.166666666666667,0.0555555555555556,13.2759949156363,84.1020030625398,partially_concordant,cluster_v2_posthoc_MD_mapping_20260711,previously_chain_reconciled_MD_contact_region
6WKQ,6WKQ-lig,native,6WKQ_V2C002,1,13,6WKQ_V2C011,0.206349206349206,0.206349206349206,1,1.60697479756218,0,0,0,0,22.7716650247627,80.7568616841319,static_dynamic_conflict,cluster_v2_posthoc_MD_mapping_20260711,previously_chain_reconciled_MD_contact_region
6WKQ,6WKQ-redock,redock,6WKQ_V2C002,1,15,6WKQ_V2C011,0.238095238095238,0.238095238095238,1,1.44606846310955,0,0,0,0,23.8192194246579,71.488706606115,static_dynamic_conflict,cluster_v2_posthoc_MD_mapping_20260711,previously_chain_reconciled_MD_contact_region
7BEA,,not_available,7BEA_V2C003,1,0,,,,,,,,,,,,MD_not_available,cluster_v2_posthoc_MD_mapping_20260711,not_available
7JRA,7JRA-nolig,apo,7JRA_V2C006,1,0,,,,,,,,,,,85.9961071428571,apo_only_context,cluster_v2_posthoc_MD_mapping_20260711,previously_chain_reconciled_MD_contact_region
7JRA,7JRA-lig,native,7JRA_V2C006,1,8,7JRA_V2C023,0.235294117647059,0.307692307692308,0.5,2.95579853846638,8,0.0536912751677852,1,0.0536912751677852,18.7649371168677,97.8648839285714,partially_concordant,cluster_v2_posthoc_MD_mapping_20260711,previously_chain_reconciled_MD_contact_region
7JRA,7JRA-redock,redock,7JRA_V2C006,1,8,7JRA_V2C023,0.166666666666667,0.230769230769231,0.375,4.7687089447774,8,0.0536912751677852,1,0.0536912751677852,20.3557986578763,98.9599107142857,partially_concordant,cluster_v2_posthoc_MD_mapping_20260711,previously_chain_reconciled_MD_contact_region
7O2I,,not_available,7O2I_V2C001,1,0,,,,,,,,,,,,MD_not_available,cluster_v2_posthoc_MD_mapping_20260711,not_available
8EA7,,not_available,8EA7_V2C003,1,0,,,,,,,,,,,,MD_not_available,cluster_v2_posthoc_MD_mapping_20260711,not_available
8P1O,,not_available,8P1O_V2C001,1,0,,,,,,,,,,,,MD_not_available,cluster_v2_posthoc_MD_mapping_20260711,not_available
8SE5,,not_available,8SE5_V2C003,1,0,,,,,,,,,,,,MD_not_available,cluster_v2_posthoc_MD_mapping_20260711,not_available
