pdb_id,working_cluster_id,cluster_v2_id,mapped_record_count,working_cluster_member_count,mapping_fraction,unmappable_record_count,mapping_type
1A9M,1A9M_C001,1A9M_V2C001,6,8,0.75,0,split_across_cluster_v2
1A9M,1A9M_C001,1A9M_V2C004,2,8,0.25,0,split_across_cluster_v2
1A9M,1A9M_C002,1A9M_V2C002,3,8,0.375,0,split_across_cluster_v2
1A9M,1A9M_C002,1A9M_V2C003,5,8,0.625,0,split_across_cluster_v2
1A9M,1A9M_C003,1A9M_V2C007,1,1,1,0,one_to_one
1A9M,1A9M_C004,1A9M_V2C010,1,1,1,0,one_to_one
1A9M,1A9M_C005,1A9M_V2C006,1,7,0.142857142857143,0,split_across_cluster_v2
1A9M,1A9M_C005,1A9M_V2C008,1,7,0.142857142857143,0,split_across_cluster_v2
1A9M,1A9M_C005,1A9M_V2C009,1,7,0.142857142857143,0,split_across_cluster_v2
1A9M,1A9M_C005,1A9M_V2C012,1,7,0.142857142857143,0,split_across_cluster_v2
1A9M,1A9M_C005,1A9M_V2C014,1,7,0.142857142857143,0,split_across_cluster_v2
1A9M,1A9M_C005,1A9M_V2C015,1,7,0.142857142857143,0,split_across_cluster_v2
1A9M,1A9M_C005,1A9M_V2C021,1,7,0.142857142857143,0,split_across_cluster_v2
1A9M,1A9M_C006,1A9M_V2C016,1,2,0.5,0,split_across_cluster_v2
1A9M,1A9M_C006,1A9M_V2C018,1,2,0.5,0,split_across_cluster_v2
1A9M,1A9M_C007,1A9M_V2C017,1,3,0.333333333333333,0,split_across_cluster_v2
1A9M,1A9M_C007,1A9M_V2C019,1,3,0.333333333333333,0,split_across_cluster_v2
1A9M,1A9M_C007,1A9M_V2C020,1,3,0.333333333333333,0,split_across_cluster_v2
1A9M,1A9M_C008,1A9M_V2C005,1,1,1,0,one_to_one
1A9M,1A9M_C009,1A9M_V2C013,1,1,1,0,one_to_one
1A9M,1A9M_C010,1A9M_V2C011,1,1,1,0,one_to_one
1FAP,1FAP_C001,1FAP_V2C001,9,48,0.1875,0,split_across_cluster_v2
1FAP,1FAP_C001,1FAP_V2C002,7,48,0.145833333333333,0,split_across_cluster_v2
1FAP,1FAP_C001,1FAP_V2C003,4,48,0.0833333333333333,0,split_across_cluster_v2
1FAP,1FAP_C001,1FAP_V2C004,3,48,0.0625,0,split_across_cluster_v2
1FAP,1FAP_C001,1FAP_V2C005,3,48,0.0625,0,split_across_cluster_v2
1FAP,1FAP_C001,1FAP_V2C006,5,48,0.104166666666667,0,split_across_cluster_v2
1FAP,1FAP_C001,1FAP_V2C007,4,48,0.0833333333333333,0,split_across_cluster_v2
1FAP,1FAP_C001,1FAP_V2C008,2,48,0.0416666666666666,0,split_across_cluster_v2
1FAP,1FAP_C001,1FAP_V2C009,3,48,0.0625,0,split_across_cluster_v2
1FAP,1FAP_C001,1FAP_V2C010,1,48,0.0208333333333333,0,split_across_cluster_v2
1FAP,1FAP_C001,1FAP_V2C011,1,48,0.0208333333333333,0,split_across_cluster_v2
1FAP,1FAP_C001,1FAP_V2C012,1,48,0.0208333333333333,0,split_across_cluster_v2
1FAP,1FAP_C001,1FAP_V2C013,1,48,0.0208333333333333,0,split_across_cluster_v2
1FAP,1FAP_C001,1FAP_V2C014,1,48,0.0208333333333333,0,split_across_cluster_v2
1FAP,1FAP_C001,1FAP_V2C015,1,48,0.0208333333333333,0,split_across_cluster_v2
1FAP,1FAP_C001,1FAP_V2C017,1,48,0.0208333333333333,0,split_across_cluster_v2
1FAP,1FAP_C001,1FAP_V2C018,1,48,0.0208333333333333,0,split_across_cluster_v2
1FAP,1FAP_C002,1FAP_V2C016,2,2,1,0,one_to_one
1FAP,1FAP_C003,1FAP_V2C020,1,1,1,0,one_to_one
1FAP,1FAP_C004,1FAP_V2C019,1,1,1,0,one_to_one
1HIH,1HIH_C001,1HIH_V2C004,3,8,0.375,0,split_across_cluster_v2
1HIH,1HIH_C001,1HIH_V2C006,4,8,0.5,0,split_across_cluster_v2
1HIH,1HIH_C001,1HIH_V2C012,1,8,0.125,0,split_across_cluster_v2
1HIH,1HIH_C002,1HIH_V2C001,7,15,0.466666666666667,0,split_across_cluster_v2
1HIH,1HIH_C002,1HIH_V2C002,6,15,0.4,0,split_across_cluster_v2
1HIH,1HIH_C002,1HIH_V2C008,1,15,0.0666666666666666,0,split_across_cluster_v2
1HIH,1HIH_C002,1HIH_V2C010,1,15,0.0666666666666666,0,split_across_cluster_v2
1HIH,1HIH_C003,1HIH_V2C005,6,7,0.857142857142857,0,split_across_cluster_v2
1HIH,1HIH_C003,1HIH_V2C017,1,7,0.142857142857143,0,split_across_cluster_v2
1HIH,1HIH_C004,1HIH_V2C003,3,3,1,0,one_to_one
1HIH,1HIH_C005,1HIH_V2C013,1,1,1,0,one_to_one
1HIH,1HIH_C006,1HIH_V2C007,2,4,0.5,0,split_across_cluster_v2
1HIH,1HIH_C006,1HIH_V2C018,2,4,0.5,0,split_across_cluster_v2
1HIH,1HIH_C007,1HIH_V2C009,1,2,0.5,0,split_across_cluster_v2
1HIH,1HIH_C007,1HIH_V2C011,1,2,0.5,0,split_across_cluster_v2
1HIH,1HIH_C008,1HIH_V2C016,1,1,1,0,one_to_one
1HIH,1HIH_C009,1HIH_V2C014,1,1,1,0,one_to_one
1HIH,1HIH_C010,1HIH_V2C019,1,1,1,0,one_to_one
1HIH,1HIH_C011,1HIH_V2C015,1,1,1,0,one_to_one
1HSG,1HSG_C001,1HSG_V2C001,5,6,0.833333333333333,0,split_across_cluster_v2
1HSG,1HSG_C001,1HSG_V2C011,1,6,0.166666666666667,0,split_across_cluster_v2
1HSG,1HSG_C002,1HSG_V2C003,6,9,0.666666666666667,0,split_across_cluster_v2
1HSG,1HSG_C002,1HSG_V2C004,2,9,0.222222222222222,0,split_across_cluster_v2
1HSG,1HSG_C002,1HSG_V2C019,1,9,0.111111111111111,0,split_across_cluster_v2
1HSG,1HSG_C003,1HSG_V2C002,3,7,0.428571428571428,0,split_across_cluster_v2
1HSG,1HSG_C003,1HSG_V2C012,3,7,0.428571428571428,0,split_across_cluster_v2
1HSG,1HSG_C003,1HSG_V2C018,1,7,0.142857142857143,0,split_across_cluster_v2
1HSG,1HSG_C004,1HSG_V2C005,3,3,1,0,one_to_one
1HSG,1HSG_C005,1HSG_V2C010,1,2,0.5,0,split_across_cluster_v2
1HSG,1HSG_C005,1HSG_V2C014,1,2,0.5,0,split_across_cluster_v2
1HSG,1HSG_C006,1HSG_V2C013,1,3,0.333333333333333,0,split_across_cluster_v2
1HSG,1HSG_C006,1HSG_V2C016,1,3,0.333333333333333,0,split_across_cluster_v2
1HSG,1HSG_C006,1HSG_V2C017,1,3,0.333333333333333,0,split_across_cluster_v2
1HSG,1HSG_C007,1HSG_V2C015,1,1,1,0,one_to_one
1HSG,1HSG_C008,1HSG_V2C006,1,1,1,0,one_to_one
1HSG,1HSG_C009,1HSG_V2C007,2,3,0.666666666666667,0,split_across_cluster_v2
1HSG,1HSG_C009,1HSG_V2C009,1,3,0.333333333333333,0,split_across_cluster_v2
1HSG,1HSG_C010,1HSG_V2C008,1,1,1,0,one_to_one
1SHL,1SHL_C001,1SHL_V2C001,5,88,0.0568181818181818,0,split_across_cluster_v2
1SHL,1SHL_C001,1SHL_V2C002,9,88,0.102272727272727,0,split_across_cluster_v2
1SHL,1SHL_C001,1SHL_V2C003,8,88,0.0909090909090909,0,split_across_cluster_v2
1SHL,1SHL_C001,1SHL_V2C004,9,88,0.102272727272727,0,split_across_cluster_v2
1SHL,1SHL_C001,1SHL_V2C005,7,88,0.0795454545454545,0,split_across_cluster_v2
1SHL,1SHL_C001,1SHL_V2C006,7,88,0.0795454545454545,0,split_across_cluster_v2
1SHL,1SHL_C001,1SHL_V2C007,4,88,0.0454545454545454,0,split_across_cluster_v2
1SHL,1SHL_C001,1SHL_V2C008,5,88,0.0568181818181818,0,split_across_cluster_v2
1SHL,1SHL_C001,1SHL_V2C009,2,88,0.0227272727272727,0,split_across_cluster_v2
1SHL,1SHL_C001,1SHL_V2C010,2,88,0.0227272727272727,0,split_across_cluster_v2
1SHL,1SHL_C001,1SHL_V2C011,4,88,0.0454545454545454,0,split_across_cluster_v2
1SHL,1SHL_C001,1SHL_V2C012,7,88,0.0795454545454545,0,split_across_cluster_v2
1SHL,1SHL_C001,1SHL_V2C013,3,88,0.034090909090909,0,split_across_cluster_v2
1SHL,1SHL_C001,1SHL_V2C014,1,88,0.0113636363636363,0,split_across_cluster_v2
1SHL,1SHL_C001,1SHL_V2C015,1,88,0.0113636363636363,0,split_across_cluster_v2
1SHL,1SHL_C001,1SHL_V2C016,1,88,0.0113636363636363,0,split_across_cluster_v2
1SHL,1SHL_C001,1SHL_V2C017,2,88,0.0227272727272727,0,split_across_cluster_v2
1SHL,1SHL_C001,1SHL_V2C018,1,88,0.0113636363636363,0,split_across_cluster_v2
1SHL,1SHL_C001,1SHL_V2C019,1,88,0.0113636363636363,0,split_across_cluster_v2
1SHL,1SHL_C001,1SHL_V2C020,1,88,0.0113636363636363,0,split_across_cluster_v2
1SHL,1SHL_C001,1SHL_V2C021,1,88,0.0113636363636363,0,split_across_cluster_v2
1SHL,1SHL_C001,1SHL_V2C022,1,88,0.0113636363636363,0,split_across_cluster_v2
1SHL,1SHL_C001,1SHL_V2C024,1,88,0.0113636363636363,0,split_across_cluster_v2
1SHL,1SHL_C001,1SHL_V2C025,1,88,0.0113636363636363,0,split_across_cluster_v2
1SHL,1SHL_C001,1SHL_V2C026,3,88,0.034090909090909,0,split_across_cluster_v2
1SHL,1SHL_C001,1SHL_V2C027,1,88,0.0113636363636363,0,split_across_cluster_v2
1SHL,1SHL_C002,1SHL_V2C023,1,1,1,0,one_to_one
1TCO,1TCO_C001,1TCO_V2C003,5,109,0.0458715596330275,0,split_across_cluster_v2
1TCO,1TCO_C001,1TCO_V2C004,8,109,0.073394495412844,0,split_across_cluster_v2
1TCO,1TCO_C001,1TCO_V2C005,6,109,0.055045871559633,0,split_across_cluster_v2
1TCO,1TCO_C001,1TCO_V2C006,4,109,0.036697247706422,0,split_across_cluster_v2
1TCO,1TCO_C001,1TCO_V2C008,6,109,0.055045871559633,0,split_across_cluster_v2
1TCO,1TCO_C001,1TCO_V2C009,4,109,0.036697247706422,0,split_across_cluster_v2
1TCO,1TCO_C001,1TCO_V2C010,6,109,0.055045871559633,0,split_across_cluster_v2
1TCO,1TCO_C001,1TCO_V2C011,3,109,0.0275229357798165,0,split_across_cluster_v2
1TCO,1TCO_C001,1TCO_V2C012,5,109,0.0458715596330275,0,split_across_cluster_v2
1TCO,1TCO_C001,1TCO_V2C013,3,109,0.0275229357798165,0,split_across_cluster_v2
1TCO,1TCO_C001,1TCO_V2C017,4,109,0.036697247706422,0,split_across_cluster_v2
1TCO,1TCO_C001,1TCO_V2C018,3,109,0.0275229357798165,0,split_across_cluster_v2
1TCO,1TCO_C001,1TCO_V2C019,2,109,0.018348623853211,0,split_across_cluster_v2
1TCO,1TCO_C001,1TCO_V2C020,2,109,0.018348623853211,0,split_across_cluster_v2
1TCO,1TCO_C001,1TCO_V2C021,3,109,0.0275229357798165,0,split_across_cluster_v2
1TCO,1TCO_C001,1TCO_V2C022,4,109,0.036697247706422,0,split_across_cluster_v2
1TCO,1TCO_C001,1TCO_V2C023,2,109,0.018348623853211,0,split_across_cluster_v2
1TCO,1TCO_C001,1TCO_V2C024,2,109,0.018348623853211,0,split_across_cluster_v2
1TCO,1TCO_C001,1TCO_V2C025,4,109,0.036697247706422,0,split_across_cluster_v2
1TCO,1TCO_C001,1TCO_V2C027,3,109,0.0275229357798165,0,split_across_cluster_v2
1TCO,1TCO_C001,1TCO_V2C028,3,109,0.0275229357798165,0,split_across_cluster_v2
1TCO,1TCO_C001,1TCO_V2C029,4,109,0.036697247706422,0,split_across_cluster_v2
1TCO,1TCO_C001,1TCO_V2C033,1,109,0.0091743119266055,0,split_across_cluster_v2
1TCO,1TCO_C001,1TCO_V2C034,1,109,0.0091743119266055,0,split_across_cluster_v2
1TCO,1TCO_C001,1TCO_V2C038,1,109,0.0091743119266055,0,split_across_cluster_v2
1TCO,1TCO_C001,1TCO_V2C039,1,109,0.0091743119266055,0,split_across_cluster_v2
1TCO,1TCO_C001,1TCO_V2C040,1,109,0.0091743119266055,0,split_across_cluster_v2
1TCO,1TCO_C001,1TCO_V2C041,1,109,0.0091743119266055,0,split_across_cluster_v2
1TCO,1TCO_C001,1TCO_V2C042,1,109,0.0091743119266055,0,split_across_cluster_v2
1TCO,1TCO_C001,1TCO_V2C043,1,109,0.0091743119266055,0,split_across_cluster_v2
1TCO,1TCO_C001,1TCO_V2C044,1,109,0.0091743119266055,0,split_across_cluster_v2
1TCO,1TCO_C001,1TCO_V2C047,1,109,0.0091743119266055,0,split_across_cluster_v2
1TCO,1TCO_C001,1TCO_V2C048,1,109,0.0091743119266055,0,split_across_cluster_v2
1TCO,1TCO_C001,1TCO_V2C049,1,109,0.0091743119266055,0,split_across_cluster_v2
1TCO,1TCO_C001,1TCO_V2C050,1,109,0.0091743119266055,0,split_across_cluster_v2
1TCO,1TCO_C001,1TCO_V2C051,3,109,0.0275229357798165,0,split_across_cluster_v2
1TCO,1TCO_C001,1TCO_V2C052,1,109,0.0091743119266055,0,split_across_cluster_v2
1TCO,1TCO_C001,1TCO_V2C053,1,109,0.0091743119266055,0,split_across_cluster_v2
1TCO,1TCO_C001,1TCO_V2C057,1,109,0.0091743119266055,0,split_across_cluster_v2
1TCO,1TCO_C001,1TCO_V2C058,1,109,0.0091743119266055,0,split_across_cluster_v2
1TCO,1TCO_C001,1TCO_V2C059,1,109,0.0091743119266055,0,split_across_cluster_v2
1TCO,1TCO_C001,1TCO_V2C060,1,109,0.0091743119266055,0,split_across_cluster_v2
1TCO,1TCO_C001,1TCO_V2C061,1,109,0.0091743119266055,0,split_across_cluster_v2
1TCO,1TCO_C002,1TCO_V2C001,8,42,0.19047619047619,0,split_across_cluster_v2
1TCO,1TCO_C002,1TCO_V2C002,7,42,0.166666666666667,0,split_across_cluster_v2
1TCO,1TCO_C002,1TCO_V2C007,5,42,0.119047619047619,0,split_across_cluster_v2
1TCO,1TCO_C002,1TCO_V2C014,3,42,0.0714285714285714,0,split_across_cluster_v2
1TCO,1TCO_C002,1TCO_V2C015,5,42,0.119047619047619,0,split_across_cluster_v2
1TCO,1TCO_C002,1TCO_V2C016,2,42,0.0476190476190476,0,split_across_cluster_v2
1TCO,1TCO_C002,1TCO_V2C026,2,42,0.0476190476190476,0,split_across_cluster_v2
1TCO,1TCO_C002,1TCO_V2C037,1,42,0.0238095238095238,0,split_across_cluster_v2
1TCO,1TCO_C002,1TCO_V2C045,1,42,0.0238095238095238,0,split_across_cluster_v2
1TCO,1TCO_C002,1TCO_V2C046,1,42,0.0238095238095238,0,split_across_cluster_v2
1TCO,1TCO_C002,1TCO_V2C054,1,42,0.0238095238095238,0,split_across_cluster_v2
1TCO,1TCO_C002,1TCO_V2C062,1,42,0.0238095238095238,0,split_across_cluster_v2
1TCO,1TCO_C002,1TCO_V2C063,1,42,0.0238095238095238,0,split_across_cluster_v2
1TCO,1TCO_C002,1TCO_V2C066,1,42,0.0238095238095238,0,split_across_cluster_v2
1TCO,1TCO_C002,1TCO_V2C068,1,42,0.0238095238095238,0,split_across_cluster_v2
1TCO,1TCO_C002,1TCO_V2C070,1,42,0.0238095238095238,0,split_across_cluster_v2
1TCO,1TCO_C002,1TCO_V2C071,1,42,0.0238095238095238,0,split_across_cluster_v2
1TCO,1TCO_C003,1TCO_V2C073,1,1,1,0,one_to_one
1TCO,1TCO_C004,1TCO_V2C035,1,2,0.5,0,split_across_cluster_v2
1TCO,1TCO_C004,1TCO_V2C036,1,2,0.5,0,split_across_cluster_v2
1TCO,1TCO_C005,1TCO_V2C055,1,1,1,0,one_to_one
1TCO,1TCO_C006,1TCO_V2C064,1,2,0.5,0,split_across_cluster_v2
1TCO,1TCO_C006,1TCO_V2C065,1,2,0.5,0,split_across_cluster_v2
1TCO,1TCO_C007,1TCO_V2C031,1,2,0.5,0,split_across_cluster_v2
1TCO,1TCO_C007,1TCO_V2C032,1,2,0.5,0,split_across_cluster_v2
1TCO,1TCO_C008,1TCO_V2C067,1,1,1,0,one_to_one
1TCO,1TCO_C009,1TCO_V2C056,1,1,1,0,one_to_one
1TCO,1TCO_C010,1TCO_V2C030,1,1,1,0,one_to_one
1TCO,1TCO_C011,1TCO_V2C072,1,1,1,0,one_to_one
1TCO,1TCO_C012,1TCO_V2C069,1,1,1,0,one_to_one
3DJI,3DJI_C001,3DJI_V2C004,6,28,0.214285714285714,0,split_across_cluster_v2
3DJI,3DJI_C001,3DJI_V2C005,3,28,0.107142857142857,0,split_across_cluster_v2
3DJI,3DJI_C001,3DJI_V2C007,3,28,0.107142857142857,0,split_across_cluster_v2
3DJI,3DJI_C001,3DJI_V2C011,3,28,0.107142857142857,0,split_across_cluster_v2
3DJI,3DJI_C001,3DJI_V2C012,3,28,0.107142857142857,0,split_across_cluster_v2
3DJI,3DJI_C001,3DJI_V2C016,1,28,0.0357142857142857,0,split_across_cluster_v2
3DJI,3DJI_C001,3DJI_V2C018,1,28,0.0357142857142857,0,split_across_cluster_v2
3DJI,3DJI_C001,3DJI_V2C021,1,28,0.0357142857142857,0,split_across_cluster_v2
3DJI,3DJI_C001,3DJI_V2C023,1,28,0.0357142857142857,0,split_across_cluster_v2
3DJI,3DJI_C001,3DJI_V2C025,1,28,0.0357142857142857,0,split_across_cluster_v2
3DJI,3DJI_C001,3DJI_V2C027,1,28,0.0357142857142857,0,split_across_cluster_v2
3DJI,3DJI_C001,3DJI_V2C031,1,28,0.0357142857142857,0,split_across_cluster_v2
3DJI,3DJI_C001,3DJI_V2C036,1,28,0.0357142857142857,0,split_across_cluster_v2
3DJI,3DJI_C001,3DJI_V2C039,1,28,0.0357142857142857,0,split_across_cluster_v2
3DJI,3DJI_C001,3DJI_V2C040,1,28,0.0357142857142857,0,split_across_cluster_v2
3DJI,3DJI_C002,3DJI_V2C001,6,15,0.4,0,split_across_cluster_v2
3DJI,3DJI_C002,3DJI_V2C008,2,15,0.133333333333333,0,split_across_cluster_v2
3DJI,3DJI_C002,3DJI_V2C022,1,15,0.0666666666666666,0,split_across_cluster_v2
3DJI,3DJI_C002,3DJI_V2C026,1,15,0.0666666666666666,0,split_across_cluster_v2
3DJI,3DJI_C002,3DJI_V2C028,2,15,0.133333333333333,0,split_across_cluster_v2
3DJI,3DJI_C002,3DJI_V2C034,1,15,0.0666666666666666,0,split_across_cluster_v2
3DJI,3DJI_C002,3DJI_V2C037,1,15,0.0666666666666666,0,split_across_cluster_v2
3DJI,3DJI_C002,3DJI_V2C038,1,15,0.0666666666666666,0,split_across_cluster_v2
3DJI,3DJI_C003,3DJI_V2C002,5,27,0.185185185185185,0,split_across_cluster_v2
3DJI,3DJI_C003,3DJI_V2C006,3,27,0.111111111111111,0,split_across_cluster_v2
3DJI,3DJI_C003,3DJI_V2C009,4,27,0.148148148148148,0,split_across_cluster_v2
3DJI,3DJI_C003,3DJI_V2C010,2,27,0.074074074074074,0,split_across_cluster_v2
3DJI,3DJI_C003,3DJI_V2C013,1,27,0.037037037037037,0,split_across_cluster_v2
3DJI,3DJI_C003,3DJI_V2C014,1,27,0.037037037037037,0,split_across_cluster_v2
3DJI,3DJI_C003,3DJI_V2C015,1,27,0.037037037037037,0,split_across_cluster_v2
3DJI,3DJI_C003,3DJI_V2C017,1,27,0.037037037037037,0,split_across_cluster_v2
3DJI,3DJI_C003,3DJI_V2C019,1,27,0.037037037037037,0,split_across_cluster_v2
3DJI,3DJI_C003,3DJI_V2C020,1,27,0.037037037037037,0,split_across_cluster_v2
3DJI,3DJI_C003,3DJI_V2C024,1,27,0.037037037037037,0,split_across_cluster_v2
3DJI,3DJI_C003,3DJI_V2C029,1,27,0.037037037037037,0,split_across_cluster_v2
3DJI,3DJI_C003,3DJI_V2C030,2,27,0.074074074074074,0,split_across_cluster_v2
3DJI,3DJI_C003,3DJI_V2C032,1,27,0.037037037037037,0,split_across_cluster_v2
3DJI,3DJI_C003,3DJI_V2C035,1,27,0.037037037037037,0,split_across_cluster_v2
3DJI,3DJI_C003,3DJI_V2C042,1,27,0.037037037037037,0,split_across_cluster_v2
3DJI,3DJI_C004,3DJI_V2C003,5,11,0.454545454545454,0,split_across_cluster_v2
3DJI,3DJI_C004,3DJI_V2C041,1,11,0.0909090909090909,0,split_across_cluster_v2
3DJI,3DJI_C004,3DJI_V2C043,1,11,0.0909090909090909,0,split_across_cluster_v2
3DJI,3DJI_C004,3DJI_V2C044,1,11,0.0909090909090909,0,split_across_cluster_v2
3DJI,3DJI_C004,3DJI_V2C045,1,11,0.0909090909090909,0,split_across_cluster_v2
3DJI,3DJI_C004,3DJI_V2C047,1,11,0.0909090909090909,0,split_across_cluster_v2
3DJI,3DJI_C004,3DJI_V2C048,1,11,0.0909090909090909,0,split_across_cluster_v2
3DJI,3DJI_C005,3DJI_V2C046,1,1,1,0,one_to_one
3DJI,3DJI_C006,3DJI_V2C033,1,1,1,0,one_to_one
4W9H,4W9H_C001,4W9H_V2C002,7,82,0.0853658536585365,0,split_across_cluster_v2
4W9H,4W9H_C001,4W9H_V2C003,10,82,0.121951219512195,0,split_across_cluster_v2
4W9H,4W9H_C001,4W9H_V2C004,5,82,0.0609756097560975,0,split_across_cluster_v2
4W9H,4W9H_C001,4W9H_V2C006,7,82,0.0853658536585365,0,split_across_cluster_v2
4W9H,4W9H_C001,4W9H_V2C007,4,82,0.048780487804878,0,split_across_cluster_v2
4W9H,4W9H_C001,4W9H_V2C008,7,82,0.0853658536585365,0,split_across_cluster_v2
4W9H,4W9H_C001,4W9H_V2C009,6,82,0.073170731707317,0,split_across_cluster_v2
4W9H,4W9H_C001,4W9H_V2C011,3,82,0.0365853658536585,0,split_across_cluster_v2
4W9H,4W9H_C001,4W9H_V2C012,5,82,0.0609756097560975,0,split_across_cluster_v2
4W9H,4W9H_C001,4W9H_V2C013,3,82,0.0365853658536585,0,split_across_cluster_v2
4W9H,4W9H_C001,4W9H_V2C014,4,82,0.048780487804878,0,split_across_cluster_v2
4W9H,4W9H_C001,4W9H_V2C015,2,82,0.024390243902439,0,split_across_cluster_v2
4W9H,4W9H_C001,4W9H_V2C016,2,82,0.024390243902439,0,split_across_cluster_v2
4W9H,4W9H_C001,4W9H_V2C021,1,82,0.0121951219512195,0,split_across_cluster_v2
4W9H,4W9H_C001,4W9H_V2C022,1,82,0.0121951219512195,0,split_across_cluster_v2
4W9H,4W9H_C001,4W9H_V2C023,2,82,0.024390243902439,0,split_across_cluster_v2
4W9H,4W9H_C001,4W9H_V2C024,1,82,0.0121951219512195,0,split_across_cluster_v2
4W9H,4W9H_C001,4W9H_V2C025,1,82,0.0121951219512195,0,split_across_cluster_v2
4W9H,4W9H_C001,4W9H_V2C026,1,82,0.0121951219512195,0,split_across_cluster_v2
4W9H,4W9H_C001,4W9H_V2C027,1,82,0.0121951219512195,0,split_across_cluster_v2
4W9H,4W9H_C001,4W9H_V2C029,2,82,0.024390243902439,0,split_across_cluster_v2
4W9H,4W9H_C001,4W9H_V2C030,1,82,0.0121951219512195,0,split_across_cluster_v2
4W9H,4W9H_C001,4W9H_V2C033,1,82,0.0121951219512195,0,split_across_cluster_v2
4W9H,4W9H_C001,4W9H_V2C034,1,82,0.0121951219512195,0,split_across_cluster_v2
4W9H,4W9H_C001,4W9H_V2C035,1,82,0.0121951219512195,0,split_across_cluster_v2
4W9H,4W9H_C001,4W9H_V2C036,1,82,0.0121951219512195,0,split_across_cluster_v2
4W9H,4W9H_C001,4W9H_V2C037,1,82,0.0121951219512195,0,split_across_cluster_v2
4W9H,4W9H_C001,4W9H_V2C038,1,82,0.0121951219512195,0,split_across_cluster_v2
4W9H,4W9H_C002,4W9H_V2C001,9,13,0.692307692307692,0,split_across_cluster_v2
4W9H,4W9H_C002,4W9H_V2C017,1,13,0.0769230769230769,0,split_across_cluster_v2
4W9H,4W9H_C002,4W9H_V2C018,1,13,0.0769230769230769,0,split_across_cluster_v2
4W9H,4W9H_C002,4W9H_V2C019,1,13,0.0769230769230769,0,split_across_cluster_v2
4W9H,4W9H_C002,4W9H_V2C020,1,13,0.0769230769230769,0,split_across_cluster_v2
4W9H,4W9H_C003,4W9H_V2C005,8,16,0.5,0,split_across_cluster_v2
4W9H,4W9H_C003,4W9H_V2C010,5,16,0.3125,0,split_across_cluster_v2
4W9H,4W9H_C003,4W9H_V2C028,1,16,0.0625,0,split_across_cluster_v2
4W9H,4W9H_C003,4W9H_V2C031,1,16,0.0625,0,split_across_cluster_v2
4W9H,4W9H_C003,4W9H_V2C032,1,16,0.0625,0,split_across_cluster_v2
5J89,5J89_C001,5J89_V2C001,5,21,0.238095238095238,0,split_across_cluster_v2
5J89,5J89_C001,5J89_V2C002,5,21,0.238095238095238,0,split_across_cluster_v2
5J89,5J89_C001,5J89_V2C003,6,21,0.285714285714286,0,split_across_cluster_v2
5J89,5J89_C001,5J89_V2C007,2,21,0.0952380952380952,0,split_across_cluster_v2
5J89,5J89_C001,5J89_V2C016,1,21,0.0476190476190476,0,split_across_cluster_v2
5J89,5J89_C001,5J89_V2C020,1,21,0.0476190476190476,0,split_across_cluster_v2
5J89,5J89_C001,5J89_V2C021,1,21,0.0476190476190476,0,split_across_cluster_v2
5J89,5J89_C002,5J89_V2C008,2,3,0.666666666666667,0,split_across_cluster_v2
5J89,5J89_C002,5J89_V2C022,1,3,0.333333333333333,0,split_across_cluster_v2
5J89,5J89_C003,5J89_V2C005,2,2,1,0,one_to_one
5J89,5J89_C004,5J89_V2C004,4,4,1,0,one_to_one
5J89,5J89_C005,5J89_V2C006,2,3,0.666666666666667,0,split_across_cluster_v2
5J89,5J89_C005,5J89_V2C010,1,3,0.333333333333333,0,split_across_cluster_v2
5J89,5J89_C006,5J89_V2C023,1,1,1,0,one_to_one
5J89,5J89_C007,5J89_V2C017,1,1,1,0,one_to_one
5J89,5J89_C008,5J89_V2C009,1,2,0.5,0,split_across_cluster_v2
5J89,5J89_C008,5J89_V2C013,1,2,0.5,0,split_across_cluster_v2
5J89,5J89_C009,5J89_V2C012,1,1,1,0,one_to_one
5J89,5J89_C010,5J89_V2C018,1,1,1,0,one_to_one
5J89,5J89_C011,5J89_V2C019,1,1,1,0,one_to_one
5J89,5J89_C012,5J89_V2C014,1,1,1,0,one_to_one
5J89,5J89_C013,5J89_V2C015,1,1,1,0,one_to_one
5J89,5J89_C014,5J89_V2C024,1,1,1,0,one_to_one
5J89,5J89_C015,5J89_V2C011,1,1,1,0,one_to_one
5LGE,5LGE_C001,5LGE_V2C001,11,192,0.0572916666666666,0,split_across_cluster_v2
5LGE,5LGE_C001,5LGE_V2C002,7,192,0.0364583333333333,0,split_across_cluster_v2
5LGE,5LGE_C001,5LGE_V2C003,5,192,0.0260416666666666,0,split_across_cluster_v2
5LGE,5LGE_C001,5LGE_V2C004,5,192,0.0260416666666666,0,split_across_cluster_v2
5LGE,5LGE_C001,5LGE_V2C005,4,192,0.0208333333333333,0,split_across_cluster_v2
5LGE,5LGE_C001,5LGE_V2C006,7,192,0.0364583333333333,0,split_across_cluster_v2
5LGE,5LGE_C001,5LGE_V2C007,4,192,0.0208333333333333,0,split_across_cluster_v2
5LGE,5LGE_C001,5LGE_V2C008,4,192,0.0208333333333333,0,split_across_cluster_v2
5LGE,5LGE_C001,5LGE_V2C009,7,192,0.0364583333333333,0,split_across_cluster_v2
5LGE,5LGE_C001,5LGE_V2C011,9,192,0.046875,0,split_across_cluster_v2
5LGE,5LGE_C001,5LGE_V2C013,3,192,0.015625,0,split_across_cluster_v2
5LGE,5LGE_C001,5LGE_V2C014,3,192,0.015625,0,split_across_cluster_v2
5LGE,5LGE_C001,5LGE_V2C015,3,192,0.015625,0,split_across_cluster_v2
5LGE,5LGE_C001,5LGE_V2C016,4,192,0.0208333333333333,0,split_across_cluster_v2
5LGE,5LGE_C001,5LGE_V2C017,5,192,0.0260416666666666,0,split_across_cluster_v2
5LGE,5LGE_C001,5LGE_V2C018,6,192,0.03125,0,split_across_cluster_v2
5LGE,5LGE_C001,5LGE_V2C019,4,192,0.0208333333333333,0,split_across_cluster_v2
5LGE,5LGE_C001,5LGE_V2C020,9,192,0.046875,0,split_across_cluster_v2
5LGE,5LGE_C001,5LGE_V2C021,4,192,0.0208333333333333,0,split_across_cluster_v2
5LGE,5LGE_C001,5LGE_V2C022,4,192,0.0208333333333333,0,split_across_cluster_v2
5LGE,5LGE_C001,5LGE_V2C023,2,192,0.0104166666666666,0,split_across_cluster_v2
5LGE,5LGE_C001,5LGE_V2C024,2,192,0.0104166666666666,0,split_across_cluster_v2
5LGE,5LGE_C001,5LGE_V2C025,3,192,0.015625,0,split_across_cluster_v2
5LGE,5LGE_C001,5LGE_V2C026,5,192,0.0260416666666666,0,split_across_cluster_v2
5LGE,5LGE_C001,5LGE_V2C027,4,192,0.0208333333333333,0,split_across_cluster_v2
5LGE,5LGE_C001,5LGE_V2C028,2,192,0.0104166666666666,0,split_across_cluster_v2
5LGE,5LGE_C001,5LGE_V2C029,5,192,0.0260416666666666,0,split_across_cluster_v2
5LGE,5LGE_C001,5LGE_V2C030,3,192,0.015625,0,split_across_cluster_v2
5LGE,5LGE_C001,5LGE_V2C031,2,192,0.0104166666666666,0,split_across_cluster_v2
5LGE,5LGE_C001,5LGE_V2C032,3,192,0.015625,0,split_across_cluster_v2
5LGE,5LGE_C001,5LGE_V2C033,2,192,0.0104166666666666,0,split_across_cluster_v2
5LGE,5LGE_C001,5LGE_V2C035,1,192,0.0052083333333333,0,split_across_cluster_v2
5LGE,5LGE_C001,5LGE_V2C036,1,192,0.0052083333333333,0,split_across_cluster_v2
5LGE,5LGE_C001,5LGE_V2C038,1,192,0.0052083333333333,0,split_across_cluster_v2
5LGE,5LGE_C001,5LGE_V2C039,1,192,0.0052083333333333,0,split_across_cluster_v2
5LGE,5LGE_C001,5LGE_V2C040,1,192,0.0052083333333333,0,split_across_cluster_v2
5LGE,5LGE_C001,5LGE_V2C042,1,192,0.0052083333333333,0,split_across_cluster_v2
5LGE,5LGE_C001,5LGE_V2C043,1,192,0.0052083333333333,0,split_across_cluster_v2
5LGE,5LGE_C001,5LGE_V2C044,1,192,0.0052083333333333,0,split_across_cluster_v2
5LGE,5LGE_C001,5LGE_V2C046,1,192,0.0052083333333333,0,split_across_cluster_v2
5LGE,5LGE_C001,5LGE_V2C047,1,192,0.0052083333333333,0,split_across_cluster_v2
5LGE,5LGE_C001,5LGE_V2C048,1,192,0.0052083333333333,0,split_across_cluster_v2
5LGE,5LGE_C001,5LGE_V2C049,1,192,0.0052083333333333,0,split_across_cluster_v2
5LGE,5LGE_C001,5LGE_V2C050,1,192,0.0052083333333333,0,split_across_cluster_v2
5LGE,5LGE_C001,5LGE_V2C051,1,192,0.0052083333333333,0,split_across_cluster_v2
5LGE,5LGE_C001,5LGE_V2C052,2,192,0.0104166666666666,0,split_across_cluster_v2
5LGE,5LGE_C001,5LGE_V2C053,1,192,0.0052083333333333,0,split_across_cluster_v2
5LGE,5LGE_C001,5LGE_V2C054,1,192,0.0052083333333333,0,split_across_cluster_v2
5LGE,5LGE_C001,5LGE_V2C055,1,192,0.0052083333333333,0,split_across_cluster_v2
5LGE,5LGE_C001,5LGE_V2C056,1,192,0.0052083333333333,0,split_across_cluster_v2
5LGE,5LGE_C001,5LGE_V2C058,1,192,0.0052083333333333,0,split_across_cluster_v2
5LGE,5LGE_C001,5LGE_V2C059,1,192,0.0052083333333333,0,split_across_cluster_v2
5LGE,5LGE_C001,5LGE_V2C060,1,192,0.0052083333333333,0,split_across_cluster_v2
5LGE,5LGE_C001,5LGE_V2C061,2,192,0.0104166666666666,0,split_across_cluster_v2
5LGE,5LGE_C001,5LGE_V2C063,1,192,0.0052083333333333,0,split_across_cluster_v2
5LGE,5LGE_C001,5LGE_V2C064,1,192,0.0052083333333333,0,split_across_cluster_v2
5LGE,5LGE_C001,5LGE_V2C065,2,192,0.0104166666666666,0,split_across_cluster_v2
5LGE,5LGE_C001,5LGE_V2C066,1,192,0.0052083333333333,0,split_across_cluster_v2
5LGE,5LGE_C001,5LGE_V2C067,1,192,0.0052083333333333,0,split_across_cluster_v2
5LGE,5LGE_C001,5LGE_V2C070,1,192,0.0052083333333333,0,split_across_cluster_v2
5LGE,5LGE_C001,5LGE_V2C072,1,192,0.0052083333333333,0,split_across_cluster_v2
5LGE,5LGE_C001,5LGE_V2C073,1,192,0.0052083333333333,0,split_across_cluster_v2
5LGE,5LGE_C001,5LGE_V2C074,1,192,0.0052083333333333,0,split_across_cluster_v2
5LGE,5LGE_C001,5LGE_V2C075,1,192,0.0052083333333333,0,split_across_cluster_v2
5LGE,5LGE_C001,5LGE_V2C076,1,192,0.0052083333333333,0,split_across_cluster_v2
5LGE,5LGE_C001,5LGE_V2C077,1,192,0.0052083333333333,0,split_across_cluster_v2
5LGE,5LGE_C001,5LGE_V2C078,1,192,0.0052083333333333,0,split_across_cluster_v2
5LGE,5LGE_C001,5LGE_V2C079,1,192,0.0052083333333333,0,split_across_cluster_v2
5LGE,5LGE_C001,5LGE_V2C081,1,192,0.0052083333333333,0,split_across_cluster_v2
5LGE,5LGE_C001,5LGE_V2C082,1,192,0.0052083333333333,0,split_across_cluster_v2
5LGE,5LGE_C001,5LGE_V2C083,1,192,0.0052083333333333,0,split_across_cluster_v2
5LGE,5LGE_C001,5LGE_V2C084,1,192,0.0052083333333333,0,split_across_cluster_v2
5LGE,5LGE_C001,5LGE_V2C086,1,192,0.0052083333333333,0,split_across_cluster_v2
5LGE,5LGE_C001,5LGE_V2C088,1,192,0.0052083333333333,0,split_across_cluster_v2
5LGE,5LGE_C001,5LGE_V2C089,2,192,0.0104166666666666,0,split_across_cluster_v2
5LGE,5LGE_C001,5LGE_V2C090,1,192,0.0052083333333333,0,split_across_cluster_v2
5LGE,5LGE_C001,5LGE_V2C092,1,192,0.0052083333333333,0,split_across_cluster_v2
5LGE,5LGE_C001,5LGE_V2C096,1,192,0.0052083333333333,0,split_across_cluster_v2
5LGE,5LGE_C002,5LGE_V2C012,4,5,0.8,0,split_across_cluster_v2
5LGE,5LGE_C002,5LGE_V2C093,1,5,0.2,0,split_across_cluster_v2
5LGE,5LGE_C003,5LGE_V2C010,5,5,1,0,one_to_one
5LGE,5LGE_C004,5LGE_V2C034,1,1,1,0,one_to_one
5LGE,5LGE_C005,5LGE_V2C095,1,1,1,0,one_to_one
5LGE,5LGE_C006,5LGE_V2C085,1,1,1,0,one_to_one
5LGE,5LGE_C007,5LGE_V2C041,1,1,1,0,one_to_one
5LGE,5LGE_C008,5LGE_V2C037,1,1,1,0,one_to_one
5LGE,5LGE_C009,5LGE_V2C071,1,1,1,0,one_to_one
5LGE,5LGE_C010,5LGE_V2C062,1,1,1,0,one_to_one
5LGE,5LGE_C011,5LGE_V2C069,1,1,1,0,one_to_one
5LGE,5LGE_C012,5LGE_V2C068,1,1,1,0,one_to_one
5LGE,5LGE_C013,5LGE_V2C080,1,2,0.5,0,split_across_cluster_v2
5LGE,5LGE_C013,5LGE_V2C087,1,2,0.5,0,split_across_cluster_v2
5LGE,5LGE_C014,5LGE_V2C057,1,1,1,0,one_to_one
5LGE,5LGE_C015,5LGE_V2C094,1,1,1,0,one_to_one
5LGE,5LGE_C016,5LGE_V2C045,1,1,1,0,one_to_one
5LGE,5LGE_C017,5LGE_V2C091,1,1,1,0,one_to_one
5NIU,5NIU_C001,5NIU_V2C001,4,30,0.133333333333333,0,split_across_cluster_v2
5NIU,5NIU_C001,5NIU_V2C002,8,30,0.266666666666667,0,split_across_cluster_v2
5NIU,5NIU_C001,5NIU_V2C003,3,30,0.1,0,split_across_cluster_v2
5NIU,5NIU_C001,5NIU_V2C004,3,30,0.1,0,split_across_cluster_v2
5NIU,5NIU_C001,5NIU_V2C005,2,30,0.0666666666666666,0,split_across_cluster_v2
5NIU,5NIU_C001,5NIU_V2C006,3,30,0.1,0,split_across_cluster_v2
5NIU,5NIU_C001,5NIU_V2C007,2,30,0.0666666666666666,0,split_across_cluster_v2
5NIU,5NIU_C001,5NIU_V2C012,1,30,0.0333333333333333,0,split_across_cluster_v2
5NIU,5NIU_C001,5NIU_V2C016,1,30,0.0333333333333333,0,split_across_cluster_v2
5NIU,5NIU_C001,5NIU_V2C021,1,30,0.0333333333333333,0,split_across_cluster_v2
5NIU,5NIU_C001,5NIU_V2C022,1,30,0.0333333333333333,0,split_across_cluster_v2
5NIU,5NIU_C001,5NIU_V2C023,1,30,0.0333333333333333,0,split_across_cluster_v2
5NIU,5NIU_C002,5NIU_V2C008,7,7,1,0,one_to_one
5NIU,5NIU_C003,5NIU_V2C010,1,1,1,0,one_to_one
5NIU,5NIU_C004,5NIU_V2C013,1,2,0.5,0,split_across_cluster_v2
5NIU,5NIU_C004,5NIU_V2C015,1,2,0.5,0,split_across_cluster_v2
5NIU,5NIU_C005,5NIU_V2C009,1,2,0.5,0,split_across_cluster_v2
5NIU,5NIU_C005,5NIU_V2C011,1,2,0.5,0,split_across_cluster_v2
5NIU,5NIU_C006,5NIU_V2C020,1,1,1,0,one_to_one
5NIU,5NIU_C007,5NIU_V2C019,1,1,1,0,one_to_one
5NIU,5NIU_C008,5NIU_V2C014,1,1,1,0,one_to_one
5NIU,5NIU_C009,5NIU_V2C017,1,1,1,0,one_to_one
5NIU,5NIU_C010,5NIU_V2C018,1,1,1,0,one_to_one
5NIU,5NIU_C011,5NIU_V2C024,1,1,1,0,one_to_one
5TBM,5TBM_C001,5TBM_V2C001,5,38,0.131578947368421,0,split_across_cluster_v2
5TBM,5TBM_C001,5TBM_V2C002,7,38,0.184210526315789,0,split_across_cluster_v2
5TBM,5TBM_C001,5TBM_V2C003,6,38,0.157894736842105,0,split_across_cluster_v2
5TBM,5TBM_C001,5TBM_V2C004,3,38,0.0789473684210526,0,split_across_cluster_v2
5TBM,5TBM_C001,5TBM_V2C005,5,38,0.131578947368421,0,split_across_cluster_v2
5TBM,5TBM_C001,5TBM_V2C007,2,38,0.0526315789473684,0,split_across_cluster_v2
5TBM,5TBM_C001,5TBM_V2C008,3,38,0.0789473684210526,0,split_across_cluster_v2
5TBM,5TBM_C001,5TBM_V2C009,1,38,0.0263157894736842,0,split_across_cluster_v2
5TBM,5TBM_C001,5TBM_V2C010,1,38,0.0263157894736842,0,split_across_cluster_v2
5TBM,5TBM_C001,5TBM_V2C013,1,38,0.0263157894736842,0,split_across_cluster_v2
5TBM,5TBM_C001,5TBM_V2C016,1,38,0.0263157894736842,0,split_across_cluster_v2
5TBM,5TBM_C001,5TBM_V2C020,1,38,0.0263157894736842,0,split_across_cluster_v2
5TBM,5TBM_C001,5TBM_V2C021,1,38,0.0263157894736842,0,split_across_cluster_v2
5TBM,5TBM_C001,5TBM_V2C023,1,38,0.0263157894736842,0,split_across_cluster_v2
5TBM,5TBM_C002,5TBM_V2C006,6,8,0.75,0,split_across_cluster_v2
5TBM,5TBM_C002,5TBM_V2C011,1,8,0.125,0,split_across_cluster_v2
5TBM,5TBM_C002,5TBM_V2C014,1,8,0.125,0,split_across_cluster_v2
5TBM,5TBM_C003,5TBM_V2C017,1,1,1,0,one_to_one
5TBM,5TBM_C004,5TBM_V2C019,1,1,1,0,one_to_one
5TBM,5TBM_C005,5TBM_V2C015,1,2,0.5,0,split_across_cluster_v2
5TBM,5TBM_C005,5TBM_V2C018,1,2,0.5,0,split_across_cluster_v2
5TBM,5TBM_C006,5TBM_V2C022,1,1,1,0,one_to_one
5TBM,5TBM_C007,5TBM_V2C012,1,1,1,0,one_to_one
6E3S,6E3S_C001,6E3S_V2C001,6,173,0.0346820809248554,0,split_across_cluster_v2
6E3S,6E3S_C001,6E3S_V2C002,5,173,0.0289017341040462,0,split_across_cluster_v2
6E3S,6E3S_C001,6E3S_V2C003,7,173,0.0404624277456647,0,split_across_cluster_v2
6E3S,6E3S_C001,6E3S_V2C004,8,173,0.0462427745664739,0,split_across_cluster_v2
6E3S,6E3S_C001,6E3S_V2C005,9,173,0.0520231213872832,0,split_across_cluster_v2
6E3S,6E3S_C001,6E3S_V2C006,6,173,0.0346820809248554,0,split_across_cluster_v2
6E3S,6E3S_C001,6E3S_V2C007,6,173,0.0346820809248554,0,split_across_cluster_v2
6E3S,6E3S_C001,6E3S_V2C008,4,173,0.0231213872832369,0,split_across_cluster_v2
6E3S,6E3S_C001,6E3S_V2C009,6,173,0.0346820809248554,0,split_across_cluster_v2
6E3S,6E3S_C001,6E3S_V2C010,3,173,0.0173410404624277,0,split_across_cluster_v2
6E3S,6E3S_C001,6E3S_V2C011,8,173,0.0462427745664739,0,split_across_cluster_v2
6E3S,6E3S_C001,6E3S_V2C012,5,173,0.0289017341040462,0,split_across_cluster_v2
6E3S,6E3S_C001,6E3S_V2C013,3,173,0.0173410404624277,0,split_across_cluster_v2
6E3S,6E3S_C001,6E3S_V2C014,8,173,0.0462427745664739,0,split_across_cluster_v2
6E3S,6E3S_C001,6E3S_V2C015,2,173,0.0115606936416184,0,split_across_cluster_v2
6E3S,6E3S_C001,6E3S_V2C016,2,173,0.0115606936416184,0,split_across_cluster_v2
6E3S,6E3S_C001,6E3S_V2C017,2,173,0.0115606936416184,0,split_across_cluster_v2
6E3S,6E3S_C001,6E3S_V2C018,2,173,0.0115606936416184,0,split_across_cluster_v2
6E3S,6E3S_C001,6E3S_V2C019,2,173,0.0115606936416184,0,split_across_cluster_v2
6E3S,6E3S_C001,6E3S_V2C020,3,173,0.0173410404624277,0,split_across_cluster_v2
6E3S,6E3S_C001,6E3S_V2C021,5,173,0.0289017341040462,0,split_across_cluster_v2
6E3S,6E3S_C001,6E3S_V2C022,3,173,0.0173410404624277,0,split_across_cluster_v2
6E3S,6E3S_C001,6E3S_V2C023,3,173,0.0173410404624277,0,split_across_cluster_v2
6E3S,6E3S_C001,6E3S_V2C024,3,173,0.0173410404624277,0,split_across_cluster_v2
6E3S,6E3S_C001,6E3S_V2C025,4,173,0.0231213872832369,0,split_across_cluster_v2
6E3S,6E3S_C001,6E3S_V2C026,4,173,0.0231213872832369,0,split_across_cluster_v2
6E3S,6E3S_C001,6E3S_V2C027,3,173,0.0173410404624277,0,split_across_cluster_v2
6E3S,6E3S_C001,6E3S_V2C028,4,173,0.0231213872832369,0,split_across_cluster_v2
6E3S,6E3S_C001,6E3S_V2C029,2,173,0.0115606936416184,0,split_across_cluster_v2
6E3S,6E3S_C001,6E3S_V2C031,1,173,0.0057803468208092,0,split_across_cluster_v2
6E3S,6E3S_C001,6E3S_V2C032,1,173,0.0057803468208092,0,split_across_cluster_v2
6E3S,6E3S_C001,6E3S_V2C033,2,173,0.0115606936416184,0,split_across_cluster_v2
6E3S,6E3S_C001,6E3S_V2C034,1,173,0.0057803468208092,0,split_across_cluster_v2
6E3S,6E3S_C001,6E3S_V2C035,1,173,0.0057803468208092,0,split_across_cluster_v2
6E3S,6E3S_C001,6E3S_V2C036,1,173,0.0057803468208092,0,split_across_cluster_v2
6E3S,6E3S_C001,6E3S_V2C037,1,173,0.0057803468208092,0,split_across_cluster_v2
6E3S,6E3S_C001,6E3S_V2C038,1,173,0.0057803468208092,0,split_across_cluster_v2
6E3S,6E3S_C001,6E3S_V2C039,1,173,0.0057803468208092,0,split_across_cluster_v2
6E3S,6E3S_C001,6E3S_V2C041,1,173,0.0057803468208092,0,split_across_cluster_v2
6E3S,6E3S_C001,6E3S_V2C042,1,173,0.0057803468208092,0,split_across_cluster_v2
6E3S,6E3S_C001,6E3S_V2C043,1,173,0.0057803468208092,0,split_across_cluster_v2
6E3S,6E3S_C001,6E3S_V2C045,1,173,0.0057803468208092,0,split_across_cluster_v2
6E3S,6E3S_C001,6E3S_V2C046,1,173,0.0057803468208092,0,split_across_cluster_v2
6E3S,6E3S_C001,6E3S_V2C047,2,173,0.0115606936416184,0,split_across_cluster_v2
6E3S,6E3S_C001,6E3S_V2C048,1,173,0.0057803468208092,0,split_across_cluster_v2
6E3S,6E3S_C001,6E3S_V2C049,1,173,0.0057803468208092,0,split_across_cluster_v2
6E3S,6E3S_C001,6E3S_V2C050,1,173,0.0057803468208092,0,split_across_cluster_v2
6E3S,6E3S_C001,6E3S_V2C051,1,173,0.0057803468208092,0,split_across_cluster_v2
6E3S,6E3S_C001,6E3S_V2C052,1,173,0.0057803468208092,0,split_across_cluster_v2
6E3S,6E3S_C001,6E3S_V2C054,1,173,0.0057803468208092,0,split_across_cluster_v2
6E3S,6E3S_C001,6E3S_V2C057,1,173,0.0057803468208092,0,split_across_cluster_v2
6E3S,6E3S_C001,6E3S_V2C058,1,173,0.0057803468208092,0,split_across_cluster_v2
6E3S,6E3S_C001,6E3S_V2C059,1,173,0.0057803468208092,0,split_across_cluster_v2
6E3S,6E3S_C001,6E3S_V2C060,1,173,0.0057803468208092,0,split_across_cluster_v2
6E3S,6E3S_C001,6E3S_V2C061,1,173,0.0057803468208092,0,split_across_cluster_v2
6E3S,6E3S_C001,6E3S_V2C062,1,173,0.0057803468208092,0,split_across_cluster_v2
6E3S,6E3S_C001,6E3S_V2C063,2,173,0.0115606936416184,0,split_across_cluster_v2
6E3S,6E3S_C001,6E3S_V2C064,2,173,0.0115606936416184,0,split_across_cluster_v2
6E3S,6E3S_C001,6E3S_V2C065,1,173,0.0057803468208092,0,split_across_cluster_v2
6E3S,6E3S_C001,6E3S_V2C066,1,173,0.0057803468208092,0,split_across_cluster_v2
6E3S,6E3S_C001,6E3S_V2C067,1,173,0.0057803468208092,0,split_across_cluster_v2
6E3S,6E3S_C001,6E3S_V2C069,1,173,0.0057803468208092,0,split_across_cluster_v2
6E3S,6E3S_C001,6E3S_V2C070,1,173,0.0057803468208092,0,split_across_cluster_v2
6E3S,6E3S_C001,6E3S_V2C072,2,173,0.0115606936416184,0,split_across_cluster_v2
6E3S,6E3S_C001,6E3S_V2C073,1,173,0.0057803468208092,0,split_across_cluster_v2
6E3S,6E3S_C001,6E3S_V2C076,2,173,0.0115606936416184,0,split_across_cluster_v2
6E3S,6E3S_C001,6E3S_V2C078,1,173,0.0057803468208092,0,split_across_cluster_v2
6E3S,6E3S_C001,6E3S_V2C079,1,173,0.0057803468208092,0,split_across_cluster_v2
6E3S,6E3S_C002,6E3S_V2C030,2,2,1,0,one_to_one
6E3S,6E3S_C003,6E3S_V2C071,1,1,1,0,one_to_one
6E3S,6E3S_C004,6E3S_V2C053,1,2,0.5,0,split_across_cluster_v2
6E3S,6E3S_C004,6E3S_V2C055,1,2,0.5,0,split_across_cluster_v2
6E3S,6E3S_C005,6E3S_V2C080,1,2,0.5,0,split_across_cluster_v2
6E3S,6E3S_C005,6E3S_V2C081,1,2,0.5,0,split_across_cluster_v2
6E3S,6E3S_C006,6E3S_V2C068,1,1,1,0,one_to_one
6E3S,6E3S_C007,6E3S_V2C040,1,1,1,0,one_to_one
6E3S,6E3S_C008,6E3S_V2C074,1,1,1,0,one_to_one
6E3S,6E3S_C009,6E3S_V2C056,1,1,1,0,one_to_one
6E3S,6E3S_C010,6E3S_V2C044,1,1,1,0,one_to_one
6E3S,6E3S_C011,6E3S_V2C075,1,1,1,0,one_to_one
6E3S,6E3S_C012,6E3S_V2C077,1,1,1,0,one_to_one
6R3K,6R3K_C001,6R3K_V2C002,11,41,0.268292682926829,0,split_across_cluster_v2
6R3K,6R3K_C001,6R3K_V2C003,7,41,0.170731707317073,0,split_across_cluster_v2
6R3K,6R3K_C001,6R3K_V2C005,7,41,0.170731707317073,0,split_across_cluster_v2
6R3K,6R3K_C001,6R3K_V2C008,2,41,0.048780487804878,0,split_across_cluster_v2
6R3K,6R3K_C001,6R3K_V2C009,2,41,0.048780487804878,0,split_across_cluster_v2
6R3K,6R3K_C001,6R3K_V2C010,4,41,0.0975609756097561,0,split_across_cluster_v2
6R3K,6R3K_C001,6R3K_V2C011,2,41,0.048780487804878,0,split_across_cluster_v2
6R3K,6R3K_C001,6R3K_V2C016,1,41,0.024390243902439,0,split_across_cluster_v2
6R3K,6R3K_C001,6R3K_V2C020,1,41,0.024390243902439,0,split_across_cluster_v2
6R3K,6R3K_C001,6R3K_V2C021,1,41,0.024390243902439,0,split_across_cluster_v2
6R3K,6R3K_C001,6R3K_V2C022,1,41,0.024390243902439,0,split_across_cluster_v2
6R3K,6R3K_C001,6R3K_V2C024,1,41,0.024390243902439,0,split_across_cluster_v2
6R3K,6R3K_C001,6R3K_V2C025,1,41,0.024390243902439,0,split_across_cluster_v2
6R3K,6R3K_C002,6R3K_V2C006,8,11,0.727272727272727,0,split_across_cluster_v2
6R3K,6R3K_C002,6R3K_V2C007,3,11,0.272727272727273,0,split_across_cluster_v2
6R3K,6R3K_C003,6R3K_V2C001,5,6,0.833333333333333,0,split_across_cluster_v2
6R3K,6R3K_C003,6R3K_V2C012,1,6,0.166666666666667,0,split_across_cluster_v2
6R3K,6R3K_C004,6R3K_V2C004,5,6,0.833333333333333,0,split_across_cluster_v2
6R3K,6R3K_C004,6R3K_V2C026,1,6,0.166666666666667,0,split_across_cluster_v2
6R3K,6R3K_C005,6R3K_V2C017,1,1,1,0,one_to_one
6R3K,6R3K_C006,6R3K_V2C015,1,2,0.5,0,split_across_cluster_v2
6R3K,6R3K_C006,6R3K_V2C018,1,2,0.5,0,split_across_cluster_v2
6R3K,6R3K_C007,6R3K_V2C023,1,1,1,0,one_to_one
6R3K,6R3K_C008,6R3K_V2C019,1,1,1,0,one_to_one
6R3K,6R3K_C009,6R3K_V2C013,1,1,1,0,one_to_one
6R3K,6R3K_C010,6R3K_V2C014,1,1,1,0,one_to_one
6WKQ,6WKQ_C001,6WKQ_V2C004,7,24,0.291666666666667,0,split_across_cluster_v2
6WKQ,6WKQ_C001,6WKQ_V2C005,5,24,0.208333333333333,0,split_across_cluster_v2
6WKQ,6WKQ_C001,6WKQ_V2C011,4,24,0.166666666666667,0,split_across_cluster_v2
6WKQ,6WKQ_C001,6WKQ_V2C012,2,24,0.0833333333333333,0,split_across_cluster_v2
6WKQ,6WKQ_C001,6WKQ_V2C017,1,24,0.0416666666666666,0,split_across_cluster_v2
6WKQ,6WKQ_C001,6WKQ_V2C019,1,24,0.0416666666666666,0,split_across_cluster_v2
6WKQ,6WKQ_C001,6WKQ_V2C020,1,24,0.0416666666666666,0,split_across_cluster_v2
6WKQ,6WKQ_C001,6WKQ_V2C024,2,24,0.0833333333333333,0,split_across_cluster_v2
6WKQ,6WKQ_C001,6WKQ_V2C025,1,24,0.0416666666666666,0,split_across_cluster_v2
6WKQ,6WKQ_C002,6WKQ_V2C002,5,16,0.3125,0,split_across_cluster_v2
6WKQ,6WKQ_C002,6WKQ_V2C003,3,16,0.1875,0,split_across_cluster_v2
6WKQ,6WKQ_C002,6WKQ_V2C006,2,16,0.125,0,split_across_cluster_v2
6WKQ,6WKQ_C002,6WKQ_V2C009,2,16,0.125,0,split_across_cluster_v2
6WKQ,6WKQ_C002,6WKQ_V2C010,2,16,0.125,0,split_across_cluster_v2
6WKQ,6WKQ_C002,6WKQ_V2C021,1,16,0.0625,0,split_across_cluster_v2
6WKQ,6WKQ_C002,6WKQ_V2C022,1,16,0.0625,0,split_across_cluster_v2
6WKQ,6WKQ_C003,6WKQ_V2C001,3,5,0.6,0,split_across_cluster_v2
6WKQ,6WKQ_C003,6WKQ_V2C007,2,5,0.4,0,split_across_cluster_v2
6WKQ,6WKQ_C004,6WKQ_V2C014,4,4,1,0,one_to_one
6WKQ,6WKQ_C005,6WKQ_V2C015,1,1,1,0,one_to_one
6WKQ,6WKQ_C006,6WKQ_V2C008,2,2,1,0,one_to_one
6WKQ,6WKQ_C007,6WKQ_V2C013,2,2,1,0,one_to_one
6WKQ,6WKQ_C008,6WKQ_V2C023,1,1,1,0,one_to_one
6WKQ,6WKQ_C009,,0,1,0,1,unmappable_only
6WKQ,6WKQ_C010,,0,1,0,1,unmappable_only
6WKQ,6WKQ_C011,,0,1,0,1,unmappable_only
6WKQ,6WKQ_C012,,0,1,0,1,unmappable_only
6WKQ,6WKQ_C013,,0,1,0,1,unmappable_only
6WKQ,6WKQ_C014,,0,1,0,1,unmappable_only
6WKQ,6WKQ_C015,,0,1,0,1,unmappable_only
6WKQ,6WKQ_C016,,0,1,0,1,unmappable_only
6WKQ,6WKQ_C017,,0,1,0,1,unmappable_only
6WKQ,6WKQ_C018,,0,1,0,1,unmappable_only
6WKQ,6WKQ_C019,,0,1,0,1,unmappable_only
6WKQ,6WKQ_C020,,0,1,0,1,unmappable_only
6WKQ,6WKQ_C021,,0,1,0,1,unmappable_only
6WKQ,6WKQ_C022,,0,1,0,1,unmappable_only
6WKQ,6WKQ_C023,,0,1,0,1,unmappable_only
6WKQ,6WKQ_C024,6WKQ_V2C018,1,1,1,0,one_to_one
6WKQ,6WKQ_C025,6WKQ_V2C016,1,1,1,0,one_to_one
7BEA,7BEA_C001,,0,1,0,1,unmappable_only
7BEA,7BEA_C002,,0,1,0,1,unmappable_only
7BEA,7BEA_C003,,0,1,0,1,unmappable_only
7BEA,7BEA_C004,,0,1,0,1,unmappable_only
7BEA,7BEA_C005,,0,1,0,1,unmappable_only
7BEA,7BEA_C006,,0,1,0,1,unmappable_only
7BEA,7BEA_C007,,0,1,0,1,unmappable_only
7BEA,7BEA_C008,,0,1,0,1,unmappable_only
7BEA,7BEA_C009,,0,1,0,1,unmappable_only
7BEA,7BEA_C010,,0,1,0,1,unmappable_only
7BEA,7BEA_C011,,0,1,0,1,unmappable_only
7BEA,7BEA_C012,,0,1,0,1,unmappable_only
7BEA,7BEA_C013,,0,1,0,1,unmappable_only
7BEA,7BEA_C014,,0,1,0,1,unmappable_only
7BEA,7BEA_C015,,0,1,0,1,unmappable_only
7BEA,7BEA_C016,,0,1,0,1,unmappable_only
7BEA,7BEA_C017,,0,1,0,1,unmappable_only
7BEA,7BEA_C018,,0,1,0,1,unmappable_only
7BEA,7BEA_C019,,0,1,0,1,unmappable_only
7BEA,7BEA_C020,,0,1,0,1,unmappable_only
7BEA,7BEA_C021,,0,1,0,1,unmappable_only
7BEA,7BEA_C022,7BEA_V2C001,3,12,0.25,0,split_across_cluster_v2
7BEA,7BEA_C022,7BEA_V2C002,3,12,0.25,0,split_across_cluster_v2
7BEA,7BEA_C022,7BEA_V2C003,3,12,0.25,0,split_across_cluster_v2
7BEA,7BEA_C022,7BEA_V2C009,1,12,0.0833333333333333,0,split_across_cluster_v2
7BEA,7BEA_C022,7BEA_V2C012,1,12,0.0833333333333333,0,split_across_cluster_v2
7BEA,7BEA_C022,7BEA_V2C013,1,12,0.0833333333333333,0,split_across_cluster_v2
7BEA,7BEA_C023,7BEA_V2C006,2,4,0.5,0,split_across_cluster_v2
7BEA,7BEA_C023,7BEA_V2C007,2,4,0.5,0,split_across_cluster_v2
7BEA,7BEA_C024,7BEA_V2C004,3,3,1,0,one_to_one
7BEA,7BEA_C025,7BEA_V2C010,1,1,1,0,one_to_one
7BEA,7BEA_C026,7BEA_V2C011,1,1,1,0,one_to_one
7BEA,7BEA_C027,7BEA_V2C005,2,2,1,0,one_to_one
7BEA,7BEA_C028,7BEA_V2C014,1,1,1,0,one_to_one
7BEA,7BEA_C029,7BEA_V2C016,1,2,0.5,0,split_across_cluster_v2
7BEA,7BEA_C029,7BEA_V2C017,1,2,0.5,0,split_across_cluster_v2
7BEA,7BEA_C030,7BEA_V2C008,1,1,1,0,one_to_one
7BEA,7BEA_C031,7BEA_V2C015,1,1,1,0,one_to_one
7JRA,7JRA_C001,,0,1,0,1,unmappable_only
7JRA,7JRA_C002,,0,1,0,1,unmappable_only
7JRA,7JRA_C003,,0,1,0,1,unmappable_only
7JRA,7JRA_C004,,0,1,0,1,unmappable_only
7JRA,7JRA_C005,,0,1,0,1,unmappable_only
7JRA,7JRA_C006,,0,1,0,1,unmappable_only
7JRA,7JRA_C007,,0,1,0,1,unmappable_only
7JRA,7JRA_C008,,0,1,0,1,unmappable_only
7JRA,7JRA_C009,,0,1,0,1,unmappable_only
7JRA,7JRA_C010,,0,1,0,1,unmappable_only
7JRA,7JRA_C011,,0,1,0,1,unmappable_only
7JRA,7JRA_C012,,0,1,0,1,unmappable_only
7JRA,7JRA_C013,,0,1,0,1,unmappable_only
7JRA,7JRA_C014,,0,1,0,1,unmappable_only
7JRA,7JRA_C015,,0,1,0,1,unmappable_only
7JRA,7JRA_C016,,0,1,0,1,unmappable_only
7JRA,7JRA_C017,,0,1,0,1,unmappable_only
7JRA,7JRA_C018,,0,1,0,1,unmappable_only
7JRA,7JRA_C019,,0,1,0,1,unmappable_only
7JRA,7JRA_C020,,0,1,0,1,unmappable_only
7JRA,7JRA_C021,,0,1,0,1,unmappable_only
7JRA,7JRA_C022,,0,1,0,1,unmappable_only
7JRA,7JRA_C023,,0,1,0,1,unmappable_only
7JRA,7JRA_C024,,0,1,0,1,unmappable_only
7JRA,7JRA_C025,,0,1,0,1,unmappable_only
7JRA,7JRA_C026,,0,1,0,1,unmappable_only
7JRA,7JRA_C027,,0,1,0,1,unmappable_only
7JRA,7JRA_C028,,0,1,0,1,unmappable_only
7JRA,7JRA_C029,,0,1,0,1,unmappable_only
7JRA,7JRA_C030,,0,1,0,1,unmappable_only
7JRA,7JRA_C031,,0,1,0,1,unmappable_only
7JRA,7JRA_C032,,0,1,0,1,unmappable_only
7JRA,7JRA_C033,,0,1,0,1,unmappable_only
7JRA,7JRA_C034,,0,1,0,1,unmappable_only
7JRA,7JRA_C035,,0,1,0,1,unmappable_only
7JRA,7JRA_C036,,0,1,0,1,unmappable_only
7JRA,7JRA_C037,,0,1,0,1,unmappable_only
7JRA,7JRA_C038,7JRA_V2C003,3,10,0.3,0,split_across_cluster_v2
7JRA,7JRA_C038,7JRA_V2C006,3,10,0.3,0,split_across_cluster_v2
7JRA,7JRA_C038,7JRA_V2C007,2,10,0.2,0,split_across_cluster_v2
7JRA,7JRA_C038,7JRA_V2C016,1,10,0.1,0,split_across_cluster_v2
7JRA,7JRA_C038,7JRA_V2C023,1,10,0.1,0,split_across_cluster_v2
7JRA,7JRA_C039,7JRA_V2C004,3,4,0.75,0,split_across_cluster_v2
7JRA,7JRA_C039,7JRA_V2C021,1,4,0.25,0,split_across_cluster_v2
7JRA,7JRA_C040,7JRA_V2C001,3,3,1,0,one_to_one
7JRA,7JRA_C041,7JRA_V2C002,3,4,0.75,0,split_across_cluster_v2
7JRA,7JRA_C041,7JRA_V2C017,1,4,0.25,0,split_across_cluster_v2
7JRA,7JRA_C042,7JRA_V2C005,5,33,0.151515151515151,0,split_across_cluster_v2
7JRA,7JRA_C042,7JRA_V2C008,4,33,0.121212121212121,0,split_across_cluster_v2
7JRA,7JRA_C042,7JRA_V2C010,3,33,0.0909090909090909,0,split_across_cluster_v2
7JRA,7JRA_C042,7JRA_V2C011,1,33,0.0303030303030303,0,split_across_cluster_v2
7JRA,7JRA_C042,7JRA_V2C012,1,33,0.0303030303030303,0,split_across_cluster_v2
7JRA,7JRA_C042,7JRA_V2C013,1,33,0.0303030303030303,0,split_across_cluster_v2
7JRA,7JRA_C042,7JRA_V2C014,1,33,0.0303030303030303,0,split_across_cluster_v2
7JRA,7JRA_C042,7JRA_V2C018,1,33,0.0303030303030303,0,split_across_cluster_v2
7JRA,7JRA_C042,7JRA_V2C020,1,33,0.0303030303030303,0,split_across_cluster_v2
7JRA,7JRA_C042,7JRA_V2C024,1,33,0.0303030303030303,0,split_across_cluster_v2
7JRA,7JRA_C042,7JRA_V2C025,1,33,0.0303030303030303,0,split_across_cluster_v2
7JRA,7JRA_C042,7JRA_V2C026,1,33,0.0303030303030303,0,split_across_cluster_v2
7JRA,7JRA_C042,7JRA_V2C029,1,33,0.0303030303030303,0,split_across_cluster_v2
7JRA,7JRA_C042,7JRA_V2C030,2,33,0.0606060606060606,0,split_across_cluster_v2
7JRA,7JRA_C042,7JRA_V2C032,2,33,0.0606060606060606,0,split_across_cluster_v2
7JRA,7JRA_C042,7JRA_V2C033,1,33,0.0303030303030303,0,split_across_cluster_v2
7JRA,7JRA_C042,7JRA_V2C035,1,33,0.0303030303030303,0,split_across_cluster_v2
7JRA,7JRA_C042,7JRA_V2C036,2,33,0.0606060606060606,0,split_across_cluster_v2
7JRA,7JRA_C042,7JRA_V2C037,1,33,0.0303030303030303,0,split_across_cluster_v2
7JRA,7JRA_C042,7JRA_V2C038,1,33,0.0303030303030303,0,split_across_cluster_v2
7JRA,7JRA_C042,7JRA_V2C039,1,33,0.0303030303030303,0,split_across_cluster_v2
7JRA,7JRA_C043,7JRA_V2C009,2,5,0.4,0,split_across_cluster_v2
7JRA,7JRA_C043,7JRA_V2C028,1,5,0.2,0,split_across_cluster_v2
7JRA,7JRA_C043,7JRA_V2C031,1,5,0.2,0,split_across_cluster_v2
7JRA,7JRA_C043,7JRA_V2C034,1,5,0.2,0,split_across_cluster_v2
7JRA,7JRA_C044,7JRA_V2C019,1,2,0.5,0,split_across_cluster_v2
7JRA,7JRA_C044,7JRA_V2C022,1,2,0.5,0,split_across_cluster_v2
7JRA,7JRA_C045,7JRA_V2C027,1,1,1,0,one_to_one
7JRA,7JRA_C046,7JRA_V2C041,1,1,1,0,one_to_one
7JRA,7JRA_C047,7JRA_V2C040,1,1,1,0,one_to_one
7JRA,7JRA_C048,7JRA_V2C015,1,1,1,0,one_to_one
7JRA,7JRA_C049,7JRA_V2C042,1,1,1,0,one_to_one
7O2I,7O2I_C001,,0,1,0,1,unmappable_only
7O2I,7O2I_C002,,0,1,0,1,unmappable_only
7O2I,7O2I_C003,,0,1,0,1,unmappable_only
7O2I,7O2I_C004,,0,1,0,1,unmappable_only
7O2I,7O2I_C005,,0,1,0,1,unmappable_only
7O2I,7O2I_C006,,0,1,0,1,unmappable_only
7O2I,7O2I_C007,,0,1,0,1,unmappable_only
7O2I,7O2I_C008,,0,1,0,1,unmappable_only
7O2I,7O2I_C009,,0,1,0,1,unmappable_only
7O2I,7O2I_C010,,0,1,0,1,unmappable_only
7O2I,7O2I_C011,,0,1,0,1,unmappable_only
7O2I,7O2I_C012,,0,1,0,1,unmappable_only
7O2I,7O2I_C013,,0,1,0,1,unmappable_only
7O2I,7O2I_C014,,0,1,0,1,unmappable_only
7O2I,7O2I_C015,,0,1,0,1,unmappable_only
7O2I,7O2I_C016,,0,1,0,1,unmappable_only
7O2I,7O2I_C017,,0,1,0,1,unmappable_only
7O2I,7O2I_C018,,0,1,0,1,unmappable_only
7O2I,7O2I_C019,,0,1,0,1,unmappable_only
7O2I,7O2I_C020,,0,1,0,1,unmappable_only
7O2I,7O2I_C021,,0,1,0,1,unmappable_only
7O2I,7O2I_C022,,0,1,0,1,unmappable_only
7O2I,7O2I_C023,,0,1,0,1,unmappable_only
7O2I,7O2I_C024,,0,1,0,1,unmappable_only
7O2I,7O2I_C025,,0,1,0,1,unmappable_only
7O2I,7O2I_C026,,0,1,0,1,unmappable_only
7O2I,7O2I_C027,,0,1,0,1,unmappable_only
7O2I,7O2I_C028,,0,1,0,1,unmappable_only
7O2I,7O2I_C029,,0,1,0,1,unmappable_only
7O2I,7O2I_C030,,0,1,0,1,unmappable_only
7O2I,7O2I_C031,,0,1,0,1,unmappable_only
7O2I,7O2I_C032,,0,1,0,1,unmappable_only
7O2I,7O2I_C033,,0,1,0,1,unmappable_only
7O2I,7O2I_C034,,0,1,0,1,unmappable_only
7O2I,7O2I_C035,,0,1,0,1,unmappable_only
7O2I,7O2I_C036,,0,1,0,1,unmappable_only
7O2I,7O2I_C037,,0,1,0,1,unmappable_only
7O2I,7O2I_C038,,0,1,0,1,unmappable_only
7O2I,7O2I_C039,,0,1,0,1,unmappable_only
7O2I,7O2I_C040,,0,1,0,1,unmappable_only
7O2I,7O2I_C041,,0,1,0,1,unmappable_only
7O2I,7O2I_C042,,0,1,0,1,unmappable_only
7O2I,7O2I_C043,,0,1,0,1,unmappable_only
7O2I,7O2I_C044,,0,1,0,1,unmappable_only
7O2I,7O2I_C045,,0,1,0,1,unmappable_only
7O2I,7O2I_C046,,0,1,0,1,unmappable_only
7O2I,7O2I_C047,,0,1,0,1,unmappable_only
7O2I,7O2I_C048,,0,1,0,1,unmappable_only
7O2I,7O2I_C049,,0,1,0,1,unmappable_only
7O2I,7O2I_C050,,0,1,0,1,unmappable_only
7O2I,7O2I_C051,7O2I_V2C001,5,52,0.0961538461538461,0,split_across_cluster_v2
7O2I,7O2I_C051,7O2I_V2C002,4,52,0.0769230769230769,0,split_across_cluster_v2
7O2I,7O2I_C051,7O2I_V2C003,4,52,0.0769230769230769,0,split_across_cluster_v2
7O2I,7O2I_C051,7O2I_V2C006,4,52,0.0769230769230769,0,split_across_cluster_v2
7O2I,7O2I_C051,7O2I_V2C008,3,52,0.0576923076923076,0,split_across_cluster_v2
7O2I,7O2I_C051,7O2I_V2C009,2,52,0.0384615384615384,0,split_across_cluster_v2
7O2I,7O2I_C051,7O2I_V2C010,2,52,0.0384615384615384,0,split_across_cluster_v2
7O2I,7O2I_C051,7O2I_V2C011,2,52,0.0384615384615384,0,split_across_cluster_v2
7O2I,7O2I_C051,7O2I_V2C013,2,52,0.0384615384615384,0,split_across_cluster_v2
7O2I,7O2I_C051,7O2I_V2C014,3,52,0.0576923076923076,0,split_across_cluster_v2
7O2I,7O2I_C051,7O2I_V2C015,2,52,0.0384615384615384,0,split_across_cluster_v2
7O2I,7O2I_C051,7O2I_V2C017,1,52,0.0192307692307692,0,split_across_cluster_v2
7O2I,7O2I_C051,7O2I_V2C018,1,52,0.0192307692307692,0,split_across_cluster_v2
7O2I,7O2I_C051,7O2I_V2C021,1,52,0.0192307692307692,0,split_across_cluster_v2
7O2I,7O2I_C051,7O2I_V2C022,1,52,0.0192307692307692,0,split_across_cluster_v2
7O2I,7O2I_C051,7O2I_V2C024,1,52,0.0192307692307692,0,split_across_cluster_v2
7O2I,7O2I_C051,7O2I_V2C025,1,52,0.0192307692307692,0,split_across_cluster_v2
7O2I,7O2I_C051,7O2I_V2C026,1,52,0.0192307692307692,0,split_across_cluster_v2
7O2I,7O2I_C051,7O2I_V2C027,1,52,0.0192307692307692,0,split_across_cluster_v2
7O2I,7O2I_C051,7O2I_V2C028,1,52,0.0192307692307692,0,split_across_cluster_v2
7O2I,7O2I_C051,7O2I_V2C033,1,52,0.0192307692307692,0,split_across_cluster_v2
7O2I,7O2I_C051,7O2I_V2C034,1,52,0.0192307692307692,0,split_across_cluster_v2
7O2I,7O2I_C051,7O2I_V2C035,1,52,0.0192307692307692,0,split_across_cluster_v2
7O2I,7O2I_C051,7O2I_V2C036,1,52,0.0192307692307692,0,split_across_cluster_v2
7O2I,7O2I_C051,7O2I_V2C037,1,52,0.0192307692307692,0,split_across_cluster_v2
7O2I,7O2I_C051,7O2I_V2C040,1,52,0.0192307692307692,0,split_across_cluster_v2
7O2I,7O2I_C051,7O2I_V2C041,1,52,0.0192307692307692,0,split_across_cluster_v2
7O2I,7O2I_C051,7O2I_V2C043,1,52,0.0192307692307692,0,split_across_cluster_v2
7O2I,7O2I_C051,7O2I_V2C047,1,52,0.0192307692307692,0,split_across_cluster_v2
7O2I,7O2I_C051,7O2I_V2C048,1,52,0.0192307692307692,0,split_across_cluster_v2
7O2I,7O2I_C052,7O2I_V2C005,2,2,1,0,one_to_one
7O2I,7O2I_C053,7O2I_V2C004,3,16,0.1875,0,split_across_cluster_v2
7O2I,7O2I_C053,7O2I_V2C007,3,16,0.1875,0,split_across_cluster_v2
7O2I,7O2I_C053,7O2I_V2C012,2,16,0.125,0,split_across_cluster_v2
7O2I,7O2I_C053,7O2I_V2C019,1,16,0.0625,0,split_across_cluster_v2
7O2I,7O2I_C053,7O2I_V2C020,1,16,0.0625,0,split_across_cluster_v2
7O2I,7O2I_C053,7O2I_V2C023,1,16,0.0625,0,split_across_cluster_v2
7O2I,7O2I_C053,7O2I_V2C029,2,16,0.125,0,split_across_cluster_v2
7O2I,7O2I_C053,7O2I_V2C030,1,16,0.0625,0,split_across_cluster_v2
7O2I,7O2I_C053,7O2I_V2C031,1,16,0.0625,0,split_across_cluster_v2
7O2I,7O2I_C053,7O2I_V2C038,1,16,0.0625,0,split_across_cluster_v2
7O2I,7O2I_C054,7O2I_V2C016,2,7,0.285714285714286,0,split_across_cluster_v2
7O2I,7O2I_C054,7O2I_V2C039,1,7,0.142857142857143,0,split_across_cluster_v2
7O2I,7O2I_C054,7O2I_V2C042,2,7,0.285714285714286,0,split_across_cluster_v2
7O2I,7O2I_C054,7O2I_V2C045,1,7,0.142857142857143,0,split_across_cluster_v2
7O2I,7O2I_C054,7O2I_V2C046,1,7,0.142857142857143,0,split_across_cluster_v2
7O2I,7O2I_C055,7O2I_V2C044,1,1,1,0,one_to_one
7O2I,7O2I_C056,7O2I_V2C032,2,2,1,0,one_to_one
8EA7,8EA7_C001,,0,1,0,1,unmappable_only
8EA7,8EA7_C002,,0,1,0,1,unmappable_only
8EA7,8EA7_C003,,0,1,0,1,unmappable_only
8EA7,8EA7_C004,,0,1,0,1,unmappable_only
8EA7,8EA7_C005,,0,1,0,1,unmappable_only
8EA7,8EA7_C006,,0,1,0,1,unmappable_only
8EA7,8EA7_C007,,0,1,0,1,unmappable_only
8EA7,8EA7_C008,,0,1,0,1,unmappable_only
8EA7,8EA7_C009,,0,1,0,1,unmappable_only
8EA7,8EA7_C010,,0,1,0,1,unmappable_only
8EA7,8EA7_C011,,0,1,0,1,unmappable_only
8EA7,8EA7_C012,,0,1,0,1,unmappable_only
8EA7,8EA7_C013,,0,1,0,1,unmappable_only
8EA7,8EA7_C014,,0,1,0,1,unmappable_only
8EA7,8EA7_C015,,0,1,0,1,unmappable_only
8EA7,8EA7_C016,,0,1,0,1,unmappable_only
8EA7,8EA7_C017,8EA7_V2C001,3,17,0.176470588235294,0,split_across_cluster_v2
8EA7,8EA7_C017,8EA7_V2C002,3,17,0.176470588235294,0,split_across_cluster_v2
8EA7,8EA7_C017,8EA7_V2C003,3,17,0.176470588235294,0,split_across_cluster_v2
8EA7,8EA7_C017,8EA7_V2C005,2,17,0.117647058823529,0,split_across_cluster_v2
8EA7,8EA7_C017,8EA7_V2C007,2,17,0.117647058823529,0,split_across_cluster_v2
8EA7,8EA7_C017,8EA7_V2C010,1,17,0.0588235294117647,0,split_across_cluster_v2
8EA7,8EA7_C017,8EA7_V2C011,1,17,0.0588235294117647,0,split_across_cluster_v2
8EA7,8EA7_C017,8EA7_V2C012,1,17,0.0588235294117647,0,split_across_cluster_v2
8EA7,8EA7_C017,8EA7_V2C013,1,17,0.0588235294117647,0,split_across_cluster_v2
8EA7,8EA7_C018,8EA7_V2C014,1,1,1,0,one_to_one
8EA7,8EA7_C019,8EA7_V2C004,3,4,0.75,0,split_across_cluster_v2
8EA7,8EA7_C019,8EA7_V2C021,1,4,0.25,0,split_across_cluster_v2
8EA7,8EA7_C020,8EA7_V2C016,1,1,1,0,one_to_one
8EA7,8EA7_C021,8EA7_V2C006,2,3,0.666666666666667,0,split_across_cluster_v2
8EA7,8EA7_C021,8EA7_V2C009,1,3,0.333333333333333,0,split_across_cluster_v2
8EA7,8EA7_C022,8EA7_V2C015,1,1,1,0,one_to_one
8EA7,8EA7_C023,8EA7_V2C017,1,1,1,0,one_to_one
8EA7,8EA7_C024,8EA7_V2C008,2,4,0.5,0,split_across_cluster_v2
8EA7,8EA7_C024,8EA7_V2C019,1,4,0.25,0,split_across_cluster_v2
8EA7,8EA7_C024,8EA7_V2C020,1,4,0.25,0,split_across_cluster_v2
8EA7,8EA7_C025,8EA7_V2C018,1,1,1,0,one_to_one
8P1O,8P1O_C001,,0,1,0,1,unmappable_only
8P1O,8P1O_C002,,0,1,0,1,unmappable_only
8P1O,8P1O_C003,,0,1,0,1,unmappable_only
8P1O,8P1O_C004,,0,1,0,1,unmappable_only
8P1O,8P1O_C005,,0,1,0,1,unmappable_only
8P1O,8P1O_C006,,0,1,0,1,unmappable_only
8P1O,8P1O_C007,,0,1,0,1,unmappable_only
8P1O,8P1O_C008,,0,1,0,1,unmappable_only
8P1O,8P1O_C009,,0,1,0,1,unmappable_only
8P1O,8P1O_C010,,0,1,0,1,unmappable_only
8P1O,8P1O_C011,,0,1,0,1,unmappable_only
8P1O,8P1O_C012,,0,1,0,1,unmappable_only
8P1O,8P1O_C013,,0,1,0,1,unmappable_only
8P1O,8P1O_C014,,0,1,0,1,unmappable_only
8P1O,8P1O_C015,,0,1,0,1,unmappable_only
8P1O,8P1O_C016,,0,1,0,1,unmappable_only
8P1O,8P1O_C017,,0,1,0,1,unmappable_only
8P1O,8P1O_C018,,0,1,0,1,unmappable_only
8P1O,8P1O_C019,,0,1,0,1,unmappable_only
8P1O,8P1O_C020,,0,1,0,1,unmappable_only
8P1O,8P1O_C021,,0,1,0,1,unmappable_only
8P1O,8P1O_C022,,0,1,0,1,unmappable_only
8P1O,8P1O_C023,,0,1,0,1,unmappable_only
8P1O,8P1O_C024,8P1O_V2C003,3,6,0.5,0,split_across_cluster_v2
8P1O,8P1O_C024,8P1O_V2C006,1,6,0.166666666666667,0,split_across_cluster_v2
8P1O,8P1O_C024,8P1O_V2C011,1,6,0.166666666666667,0,split_across_cluster_v2
8P1O,8P1O_C024,8P1O_V2C013,1,6,0.166666666666667,0,split_across_cluster_v2
8P1O,8P1O_C025,8P1O_V2C001,4,5,0.8,0,split_across_cluster_v2
8P1O,8P1O_C025,8P1O_V2C012,1,5,0.2,0,split_across_cluster_v2
8P1O,8P1O_C026,8P1O_V2C004,2,3,0.666666666666667,0,split_across_cluster_v2
8P1O,8P1O_C026,8P1O_V2C015,1,3,0.333333333333333,0,split_across_cluster_v2
8P1O,8P1O_C027,8P1O_V2C002,5,8,0.625,0,split_across_cluster_v2
8P1O,8P1O_C027,8P1O_V2C007,1,8,0.125,0,split_across_cluster_v2
8P1O,8P1O_C027,8P1O_V2C008,1,8,0.125,0,split_across_cluster_v2
8P1O,8P1O_C027,8P1O_V2C009,1,8,0.125,0,split_across_cluster_v2
8P1O,8P1O_C028,8P1O_V2C010,1,1,1,0,one_to_one
8P1O,8P1O_C029,8P1O_V2C005,5,6,0.833333333333333,0,split_across_cluster_v2
8P1O,8P1O_C029,8P1O_V2C016,1,6,0.166666666666667,0,split_across_cluster_v2
8P1O,8P1O_C030,8P1O_V2C014,1,1,1,0,one_to_one
8P1O,8P1O_C031,8P1O_V2C017,1,1,1,0,one_to_one
8SE5,8SE5_C001,,0,1,0,1,unmappable_only
8SE5,8SE5_C002,,0,1,0,1,unmappable_only
8SE5,8SE5_C003,,0,1,0,1,unmappable_only
8SE5,8SE5_C004,,0,1,0,1,unmappable_only
8SE5,8SE5_C005,,0,1,0,1,unmappable_only
8SE5,8SE5_C006,,0,1,0,1,unmappable_only
8SE5,8SE5_C007,,0,1,0,1,unmappable_only
8SE5,8SE5_C008,,0,1,0,1,unmappable_only
8SE5,8SE5_C009,,0,1,0,1,unmappable_only
8SE5,8SE5_C010,,0,1,0,1,unmappable_only
8SE5,8SE5_C011,,0,1,0,1,unmappable_only
8SE5,8SE5_C012,,0,1,0,1,unmappable_only
8SE5,8SE5_C013,,0,1,0,1,unmappable_only
8SE5,8SE5_C014,,0,1,0,1,unmappable_only
8SE5,8SE5_C015,,0,1,0,1,unmappable_only
8SE5,8SE5_C016,,0,1,0,1,unmappable_only
8SE5,8SE5_C017,8SE5_V2C001,4,26,0.153846153846154,0,split_across_cluster_v2
8SE5,8SE5_C017,8SE5_V2C002,3,26,0.115384615384615,0,split_across_cluster_v2
8SE5,8SE5_C017,8SE5_V2C003,4,26,0.153846153846154,0,split_across_cluster_v2
8SE5,8SE5_C017,8SE5_V2C005,3,26,0.115384615384615,0,split_across_cluster_v2
8SE5,8SE5_C017,8SE5_V2C007,2,26,0.0769230769230769,0,split_across_cluster_v2
8SE5,8SE5_C017,8SE5_V2C008,1,26,0.0384615384615384,0,split_across_cluster_v2
8SE5,8SE5_C017,8SE5_V2C009,1,26,0.0384615384615384,0,split_across_cluster_v2
8SE5,8SE5_C017,8SE5_V2C010,1,26,0.0384615384615384,0,split_across_cluster_v2
8SE5,8SE5_C017,8SE5_V2C011,1,26,0.0384615384615384,0,split_across_cluster_v2
8SE5,8SE5_C017,8SE5_V2C012,1,26,0.0384615384615384,0,split_across_cluster_v2
8SE5,8SE5_C017,8SE5_V2C013,1,26,0.0384615384615384,0,split_across_cluster_v2
8SE5,8SE5_C017,8SE5_V2C014,1,26,0.0384615384615384,0,split_across_cluster_v2
8SE5,8SE5_C017,8SE5_V2C016,1,26,0.0384615384615384,0,split_across_cluster_v2
8SE5,8SE5_C017,8SE5_V2C019,1,26,0.0384615384615384,0,split_across_cluster_v2
8SE5,8SE5_C017,8SE5_V2C021,1,26,0.0384615384615384,0,split_across_cluster_v2
8SE5,8SE5_C018,8SE5_V2C004,3,5,0.6,0,split_across_cluster_v2
8SE5,8SE5_C018,8SE5_V2C018,1,5,0.2,0,split_across_cluster_v2
8SE5,8SE5_C018,8SE5_V2C020,1,5,0.2,0,split_across_cluster_v2
8SE5,8SE5_C019,8SE5_V2C006,2,2,1,0,one_to_one
8SE5,8SE5_C020,8SE5_V2C015,1,2,0.5,0,split_across_cluster_v2
8SE5,8SE5_C020,8SE5_V2C017,1,2,0.5,0,split_across_cluster_v2
8SE5,8SE5_C021,8SE5_V2C022,1,2,0.5,0,split_across_cluster_v2
8SE5,8SE5_C021,8SE5_V2C023,1,2,0.5,0,split_across_cluster_v2
8SE5,8SE5_C022,8SE5_V2C024,1,1,1,0,one_to_one
